CustomerID,Age,Annual_Income,Income_Score,Membership_Years,Category,City,Rating,Days_Since_Last_Purchase,Purchase_Amount,Customer_LTV
1001,22.0,92454.9,90.86,14.0,Home,Karachi,4.4,229.0,2310.05,8199.76
1002,58.0,59444.62,58.45,7.0,Electronics,Islamabad,4.2,38.0,1382.72,4871.57
1003,52.0,72996.0,72.85,9.0,Beauty,Karachi,4.1,126.0,1555.23,6393.82
1004,,15000.0,12.97,9.0,Apparel,Karachi,3.4,106.0,523.39,2712.88
1005,40.0,39560.35,42.71,14.0,Electronics,Islamabad,3.0,174.0,2040.76,6106.0
1006,62.0,58536.86,59.52,11.0,Apparel,Karachi,4.2,200.0,1875.6,6327.47
1007,22.0,41413.07,45.0,1.0,Apparel,Karachi,4.1,286.0,644.14,958.96
1008,54.0,80716.72,80.4,1.0,Home,Lahore,3.2,172.0,1627.0,5219.92
1009,28.0,108940.52,107.84,6.0,Home,Lahore,4.7,60.0,2407.49,8410.78
1010,,,42.63,7.0,Apparel,Faisalabad,2.9,218.0,755.11,3534.16
1011,45.0,46575.81,45.42,10.0,Apparel,Karachi,3.2,21.0,1023.86,3895.48
1012,68.0,70179.86,69.82,7.0,Groceries,Karachi,5.0,339.0,2087.81,7168.81
1013,56.0,100444.56,101.88,7.0,Apparel,Karachi,4.5,308.0,2120.98,6980.8
1014,57.0,38107.77,35.63,13.0,Beauty,Lahore,3.4,90.0,844.28,3531.2
1015,55.0,70478.79,71.9,5.0,Apparel,Islamabad,4.0,105.0,1592.32,6029.13
1016,58.0,105068.57,106.24,7.0,Apparel,Lahore,3.8,11.0,2428.58,8826.56
1017,44.0,,31.2,8.0,Groceries,Islamabad,,145.0,104.14,2506.08
1018,24.0,36816.48,38.6,7.0,,Karachi,2.9,15.0,1000.03,3431.56
1019,61.0,,58.28,14.0,Beauty,Lahore,,374.0,2020.8,8652.3
1020,41.0,53547.05,53.33,14.0,Electronics,Lahore,3.4,53.0,1811.43,6769.18
1021,44.0,82877.23,81.15,7.0,Electronics,Islamabad,3.9,263.0,2829.46,9475.22
1022,37.0,70316.51,74.54,6.0,Groceries,Lahore,,228.0,2146.77,6561.36
1023,27.0,25950.83,22.9,8.0,Groceries,Lahore,3.4,94.0,1418.59,4826.8
1024,66.0,76339.03,73.49,2.0,Apparel,Islamabad,2.7,323.0,2726.81,5943.47
1025,58.0,52294.14,53.42,6.0,Electronics,Lahore,,43.0,1589.15,5154.29
1026,51.0,93037.84,96.29,3.0,Groceries,Lahore,3.4,354.0,2045.98,6568.2
1027,38.0,51193.07,51.57,2.0,,Lahore,3.6,296.0,13682.306937323025,4217.29
1028,60.0,50994.46,52.99,1.0,Apparel,Islamabad,,254.0,836.19,4155.37
1029,46.0,76904.9,72.91,8.0,Apparel,Lahore,5.0,351.0,1901.17,5792.0
1030,41.0,81784.38,80.79,0.0,Apparel,Lahore,1.7,161.0,1376.6,3808.48
1031,41.0,74858.19,71.11,9.0,Apparel,Lahore,3.4,112.0,2016.36,6415.58
1032,29.0,,29.48,6.0,Home,Lahore,3.7,61.0,537.57,2072.07
1033,22.0,76836.76,73.74,5.0,Apparel,Lahore,3.0,369.0,1461.96,5998.4
1034,46.0,42245.22,39.69,11.0,Groceries,Lahore,4.5,160.0,1450.29,6880.6
1035,64.0,70176.07,71.2,8.0,Apparel,Lahore,4.4,331.0,1668.44,5512.23
1036,21.0,,35.8,11.0,Electronics,Karachi,3.7,132.0,342.55,2264.75
1037,62.0,74819.09,74.5,10.0,Groceries,Islamabad,3.5,381.0,1314.16,4607.89
1038,61.0,47254.82,48.4,0.0,Groceries,Lahore,3.6,348.0,486.19,2733.05
1039,32.0,36782.04,37.86,3.0,Home,Lahore,3.6,123.0,502.45,2970.75
1040,50.0,80704.04,80.27,8.0,Apparel,Faisalabad,3.6,194.0,2099.85,7171.88
1041,26.0,70316.18,68.13,14.0,Electronics,Islamabad,3.5,317.0,2053.9,6821.03
1042,57.0,51492.51,52.62,2.0,Apparel,Karachi,3.9,90.0,1535.96,3609.5
1043,54.0,96925.93,98.15,1.0,Electronics,Lahore,4.4,9.0,2279.64,6954.86
1044,36.0,55305.65,57.09,14.0,,Karachi,2.6,115.0,2094.87,8329.7
1045,21.0,65706.37,66.33,14.0,Home,Lahore,2.8,236.0,2117.49,6397.87
1046,68.0,70916.1,68.58,2.0,Apparel,Lahore,2.1,54.0,1582.19,4707.59
1047,41.0,51367.35,52.75,6.0,Apparel,Lahore,4.5,133.0,1707.09,6976.04
1048,64.0,,75.36,9.0,Groceries,Karachi,3.9,367.0,2235.07,7517.32
1049,53.0,53264.05,52.3,2.0,Groceries,Lahore,4.2,30.0,1295.72,5263.65
1050,58.0,,55.35,4.0,,Karachi,2.4,20.0,1787.31,6146.95
1051,57.0,94978.14,93.6,5.0,Apparel,Lahore,5.0,169.0,1161.25,3735.48
1052,28.0,,43.88,9.0,Groceries,Lahore,3.2,5.0,1085.96,4251.83
1053,36.0,15000.0,12.16,4.0,,Islamabad,3.9,11.0,337.68,1491.24
1054,42.0,100440.61,98.45,6.0,Electronics,Islamabad,4.5,73.0,2709.89,7917.12
1055,43.0,121085.21,120.43,4.0,Electronics,Lahore,2.8,40.0,3210.26,9060.61
1056,20.0,56084.08,59.31,11.0,Electronics,Karachi,3.2,324.0,981.61,5870.28
1057,46.0,22389.56,24.5,2.0,Groceries,Lahore,3.9,49.0,1092.26,2472.66
1058,26.0,,54.89,3.0,Beauty,Lahore,5.0,209.0,814.81,3931.47
1059,56.0,,61.41,3.0,Groceries,Islamabad,4.0,282.0,837.58,2781.79
1060,53.0,60821.68,63.52,13.0,Electronics,Lahore,,250.0,1642.72,6644.51
1061,65.0,,38.16,14.0,Electronics,Karachi,,261.0,1242.83,6061.61
1062,56.0,77750.35,72.71,7.0,Groceries,Karachi,4.0,143.0,1211.64,4377.76
1063,37.0,76539.16,76.39,2.0,,Lahore,,355.0,1870.73,6196.54
1064,68.0,,34.37,11.0,Groceries,Lahore,,27.0,1354.22,3719.64
1065,39.0,80382.33,83.56,7.0,Home,Lahore,2.4,42.0,2309.26,7978.74
1066,34.0,110159.07,108.42,12.0,Home,Faisalabad,5.0,342.0,2509.8,7201.27
1067,65.0,68783.13,72.29,5.0,Electronics,Karachi,3.9,27.0,1559.83,5155.93
1068,37.0,57578.85,53.12,14.0,Apparel,Lahore,1.3,76.0,1699.41,7607.71
1069,,,61.14,12.0,,Lahore,3.4,69.0,2392.72,8898.4
1070,42.0,,77.7,3.0,Groceries,Karachi,4.3,13.0,557.02,1589.18
1071,59.0,26925.22,29.23,10.0,Electronics,Lahore,3.5,46.0,555.73,2222.85
1072,27.0,68616.6,71.21,4.0,Beauty,Karachi,4.3,229.0,1534.55,4571.6
1073,42.0,,58.32,5.0,Home,Islamabad,2.9,264.0,893.97,3698.0
1074,24.0,105652.15,102.95,3.0,Groceries,Karachi,2.5,33.0,2129.71,5205.25
1075,53.0,,62.89,10.0,Apparel,Lahore,,376.0,1572.93,6033.43
1076,42.0,101693.53,102.71,3.0,Electronics,Lahore,3.7,38.0,1890.8,6443.08
1077,35.0,40717.7,37.38,9.0,Home,Lahore,3.4,274.0,1200.14,4531.1
1078,29.0,77919.7,73.79,8.0,Groceries,Karachi,4.8,320.0,2129.65,7723.58
1079,47.0,,74.1,11.0,Electronics,Islamabad,2.9,208.0,1786.03,7014.32
1080,520.0,45880.96,45.52,14.0,Apparel,Lahore,4.0,196.0,1296.34,5366.34
1081,66.0,68902.71,66.33,0.0,Beauty,Karachi,3.8,43.0,1311.75,2419.45
1082,40.0,91675.41,91.26,14.0,Home,Karachi,2.3,96.0,2390.53,9099.81
1083,26.0,,58.6,1.0,,Lahore,2.5,340.0,501.4,1219.81
1084,61.0,27776.82,27.61,7.0,Electronics,Lahore,,139.0,1020.16,3415.49
1085,50.0,64613.62,61.51,5.0,Beauty,Lahore,5.0,13.0,1311.87,5059.11
1086,54.0,,48.92,9.0,Beauty,Karachi,4.2,291.0,1767.55,7354.21
1087,23.0,57468.5,59.48,10.0,Groceries,Karachi,2.1,273.0,1785.79,6508.71
1088,34.0,63205.07,62.53,12.0,Apparel,Islamabad,1.0,26.0,2212.13,8405.63
1089,57.0,,26.89,6.0,Groceries,Islamabad,4.4,20.0,385.11,981.95
1090,61.0,29455.52,30.17,13.0,Groceries,Islamabad,3.6,46.0,960.56,4842.37
1091,40.0,75605.47,73.35,4.0,Electronics,Faisalabad,4.7,20.0,1175.13,4245.95
1092,59.0,53500.19,54.15,3.0,Electronics,Islamabad,2.9,246.0,907.93,4238.21
1093,61.0,,12.34,5.0,,Islamabad,4.0,53.0,1000.84,2969.73
1094,38.0,82266.57,82.13,7.0,,Islamabad,4.5,242.0,2520.33,7980.18
1095,64.0,,68.65,10.0,Electronics,Islamabad,3.3,70.0,1360.59,6458.45
1096,32.0,49294.75,47.06,12.0,Electronics,Islamabad,3.3,388.0,1282.58,5425.77
1097,30.0,36029.74,39.32,3.0,Groceries,Faisalabad,3.7,290.0,4975.73121435107,1948.52
1098,53.0,83387.77,83.51,4.0,Electronics,Karachi,4.2,149.0,2062.0,8630.18
1099,51.0,,73.1,14.0,Electronics,Karachi,3.7,171.0,1309.79,5238.46
1100,25.0,117417.25,113.39,6.0,Apparel,Karachi,,26.0,1947.14,6890.26
1101,61.0,74244.15,73.05,3.0,,Islamabad,3.3,21.0,1800.73,5971.62
1102,28.0,73529.47,74.45,14.0,Apparel,Karachi,2.5,215.0,1250.97,6176.81
1103,59.0,61327.59,61.72,6.0,Beauty,Islamabad,5.0,9.0,1287.83,4581.06
1104,18.0,82969.07,78.66,14.0,Electronics,Islamabad,3.2,255.0,2284.22,8492.43
1105,59.0,78751.87,79.17,13.0,Beauty,Faisalabad,3.2,152.0,2261.3,8202.82
1106,58.0,,93.27,13.0,Beauty,Lahore,3.6,55.0,2314.07,7767.81
1107,58.0,,56.1,8.0,Home,Islamabad,3.8,214.0,1244.32,6566.28
1108,52.0,55421.04,54.11,11.0,Apparel,Islamabad,3.4,221.0,1886.25,6743.84
1109,42.0,54459.73,49.98,14.0,Apparel,Faisalabad,3.7,298.0,1763.28,7530.34
1110,54.0,82397.64,80.4,4.0,Apparel,Faisalabad,3.7,79.0,1549.15,5029.13
1111,32.0,97964.24,95.77,0.0,Apparel,Karachi,3.9,218.0,1974.37,5631.76
1112,58.0,54905.51,56.38,4.0,Electronics,Karachi,,337.0,1411.38,4313.15
1113,46.0,55654.98,50.22,9.0,Beauty,Lahore,5.0,107.0,2160.39,6067.65
1114,41.0,71909.7,71.01,8.0,,Faisalabad,3.6,334.0,2072.72,6972.4
1115,44.0,59593.25,62.44,1.0,Home,Lahore,4.2,289.0,1717.69,4714.55
1116,47.0,85945.18,85.96,8.0,,Islamabad,2.5,171.0,1794.66,7483.32
1117,19.0,15460.9,17.25,2.0,Electronics,Islamabad,3.3,353.0,179.54,-53.9
1118,25.0,46812.49,43.53,7.0,Groceries,Karachi,3.1,386.0,1122.1,3861.66
1119,30.0,47786.84,44.58,8.0,Groceries,Lahore,5.0,94.0,1218.31,4004.89
1120,23.0,15000.0,17.87,9.0,Groceries,Lahore,3.2,391.0,256.79,3296.0
1121,40.0,43799.95,44.0,6.0,,Islamabad,4.4,0.0,1622.37,4698.4
1122,52.0,44866.57,45.07,6.0,Electronics,Karachi,,51.0,1490.67,5525.18
1123,52.0,60575.7,58.34,10.0,Groceries,Lahore,,17.0,1489.24,6604.99
1124,42.0,89485.25,89.69,11.0,Groceries,Islamabad,3.5,147.0,2486.39,8643.93
1125,62.0,59608.67,57.32,12.0,Beauty,Lahore,4.9,374.0,1761.33,5697.96
1126,47.0,42322.1,44.7,5.0,Electronics,Islamabad,2.0,240.0,1334.37,3417.82
1127,22.0,63747.0,69.2,6.0,Groceries,Lahore,2.5,246.0,977.22,4668.33
1128,57.0,88081.82,89.05,4.0,,Lahore,1.9,33.0,1863.37,5130.77
1129,47.0,,42.26,7.0,Groceries,Lahore,2.7,206.0,1127.36,4617.31
1130,51.0,,39.9,1.0,Groceries,Karachi,3.0,153.0,1188.8,3663.15
1131,47.0,77288.08,73.92,6.0,Apparel,Karachi,2.2,191.0,1534.39,5810.56
1132,46.0,60126.21,63.24,2.0,Beauty,Islamabad,3.0,104.0,282.55,1984.9
1133,22.0,,77.19,7.0,Groceries,Karachi,1.9,80.0,1432.21,4676.03
1134,47.0,64699.77,63.96,12.0,Apparel,Lahore,2.8,380.0,1749.58,6040.53
1135,59.0,80436.6,81.75,14.0,Electronics,Lahore,,223.0,2194.29,8962.03
1136,33.0,42228.28,45.19,6.0,Groceries,Lahore,4.1,164.0,1758.06,5213.96
1137,49.0,64734.14,64.33,0.0,Groceries,Faisalabad,3.9,29.0,1527.78,2266.67
1138,19.0,60364.82,59.56,3.0,Electronics,Lahore,2.8,305.0,1359.91,4972.43
1139,36.0,38250.4,38.39,1.0,,Faisalabad,2.3,189.0,792.05,1683.62
1140,40.0,30603.49,29.35,11.0,Apparel,Lahore,2.7,154.0,1493.74,6064.09
1141,69.0,,78.94,14.0,Apparel,Lahore,3.7,266.0,1925.69,8829.35
1142,29.0,57279.05,58.1,8.0,Groceries,Lahore,4.5,52.0,1409.47,5309.88
1143,32.0,42509.83,42.88,2.0,Apparel,Lahore,4.5,213.0,494.49,2757.94
1144,39.0,62884.06,67.15,0.0,Groceries,Islamabad,4.3,345.0,1825.24,5314.98
1145,69.0,89816.41,90.69,14.0,Electronics,Karachi,3.0,185.0,2513.33,10551.43
1146,62.0,15000.0,17.3,4.0,,Lahore,3.7,0.0,176.99,342.79
1147,19.0,32073.95,29.93,1.0,Apparel,Karachi,3.4,91.0,635.7,2053.42
1148,30.0,,45.75,2.0,Beauty,Karachi,3.5,22.0,1177.79,4229.97
1149,60.0,97145.94,95.7,3.0,Electronics,Faisalabad,5.0,200.0,1962.63,6175.7
1150,21.0,71216.91,72.01,9.0,Apparel,Faisalabad,2.1,145.0,1570.55,6910.32
1151,62.0,,83.26,13.0,Home,Karachi,,52.0,1895.91,7162.95
1152,32.0,,40.02,4.0,Home,Islamabad,4.8,274.0,1093.91,5389.44
1153,65.0,,45.18,10.0,,Islamabad,,70.0,1064.18,6261.91
1154,33.0,,77.71,0.0,Apparel,Karachi,3.1,136.0,1315.53,4263.0
1155,40.0,,68.64,0.0,Apparel,Islamabad,3.2,395.0,791.22,3082.95
1156,52.0,77072.25,78.6,0.0,Home,Lahore,3.5,26.0,1572.5,5655.31
1157,24.0,,64.4,13.0,Electronics,Islamabad,2.3,99.0,1664.94,5771.3
1158,,71119.16,68.25,8.0,Beauty,Faisalabad,4.2,127.0,1613.72,4895.89
1159,44.0,68478.62,71.22,12.0,Electronics,Lahore,4.3,203.0,1929.08,8312.62
1160,58.0,,80.13,0.0,Home,Islamabad,4.2,97.0,1941.42,5893.85
1161,69.0,,81.63,0.0,Electronics,Faisalabad,2.9,388.0,1935.71,5485.61
1162,52.0,,30.49,12.0,Electronics,Lahore,,2.0,1288.35,5323.4
1163,390.0,15560.09,18.03,1.0,Electronics,Karachi,2.9,379.0,254.93,-965.91
1164,39.0,,84.73,2.0,,Faisalabad,3.4,213.0,1593.97,5002.86
1165,39.0,,90.1,7.0,,Faisalabad,5.0,15.0,1685.03,5571.44
1166,60.0,42546.29,42.74,9.0,Electronics,Lahore,3.8,46.0,973.66,4944.07
1167,34.0,,23.71,3.0,Groceries,Lahore,2.6,41.0,609.53,3010.69
1168,26.0,67178.77,68.89,6.0,Groceries,Karachi,3.9,114.0,1269.06,5205.78
1169,35.0,85478.44,92.35,10.0,Home,Lahore,2.5,133.0,2147.99,8041.13
1170,19.0,104547.08,105.39,6.0,Home,Lahore,2.6,256.0,1944.76,5609.49
1171,23.0,76358.55,74.89,5.0,Apparel,Lahore,2.8,124.0,1062.77,4643.02
1172,22.0,56822.23,54.23,1.0,Electronics,Lahore,3.3,290.0,1504.21,4982.27
1173,58.0,45351.13,44.7,6.0,Groceries,Karachi,4.5,117.0,957.26,4742.82
1174,55.0,65251.93,63.37,12.0,Beauty,Karachi,4.2,105.0,1450.23,7772.66
1175,54.0,58416.18,59.35,9.0,Electronics,Karachi,4.2,110.0,1090.78,3307.06
1176,42.0,42668.51,43.57,13.0,Groceries,Islamabad,2.7,131.0,1542.58,5922.35
1177,55.0,110072.62,109.15,1.0,Beauty,Karachi,,335.0,2791.42,7635.46
1178,26.0,104273.7,108.24,0.0,Beauty,Lahore,3.9,98.0,1924.24,5991.34
1179,64.0,89993.07,88.52,8.0,Groceries,Lahore,3.1,109.0,2033.64,7194.75
1180,44.0,44741.29,44.5,2.0,Apparel,Lahore,3.4,382.0,1403.48,4068.85
1181,66.0,83810.43,85.09,8.0,Groceries,Lahore,4.1,261.0,1272.03,6040.26
1182,25.0,,80.86,13.0,Home,Lahore,3.4,76.0,2888.18,9080.04
1183,43.0,74736.0,77.29,5.0,Electronics,Lahore,3.9,347.0,2672.36,7345.36
1184,54.0,92492.64,93.35,8.0,Electronics,Lahore,5.0,73.0,1087.32,4023.85
1185,43.0,78978.17,81.08,10.0,Apparel,Karachi,3.5,64.0,1940.56,6852.92
1186,41.0,81280.31,79.95,2.0,Electronics,Karachi,4.8,178.0,1418.03,3675.01
1187,26.0,,80.85,13.0,Apparel,Faisalabad,4.2,276.0,1994.33,7687.09
1188,37.0,72497.41,74.31,3.0,Groceries,Islamabad,2.4,75.0,1402.59,4549.06
1189,30.0,25760.56,28.79,12.0,Home,Karachi,2.7,301.0,1319.91,4728.17
1190,33.0,66839.66,63.5,9.0,Home,Lahore,2.9,62.0,1651.77,6846.83
1191,53.0,52763.78,50.95,2.0,Groceries,Karachi,2.9,312.0,770.91,2707.31
1192,50.0,36843.5,38.49,10.0,Home,Lahore,,38.0,1068.0,5388.55
1193,49.0,,96.7,2.0,Groceries,Karachi,4.3,185.0,2325.91,6978.73
1194,36.0,103037.9,104.02,8.0,Groceries,Lahore,4.8,256.0,1907.27,6979.2
1195,67.0,94902.85,97.02,14.0,Electronics,Karachi,4.0,106.0,1799.56,7097.7
1196,22.0,70614.7,69.46,14.0,Home,Lahore,3.3,244.0,2769.39,9723.98
1197,35.0,94713.75,93.85,13.0,Home,Karachi,1.8,275.0,2157.3,8860.17
1198,24.0,65265.17,63.12,7.0,Beauty,Islamabad,3.8,260.0,1530.36,5199.48
1199,35.0,,68.42,8.0,Home,Islamabad,3.7,158.0,1550.11,6184.62
1200,68.0,40943.63,39.96,4.0,Beauty,Karachi,3.9,309.0,1198.11,3354.51
1201,37.0,,72.37,13.0,Electronics,Karachi,5.0,292.0,2703.79,10054.05
1202,65.0,66328.49,64.85,7.0,Beauty,Lahore,4.8,130.0,1838.54,5845.71
1203,43.0,36341.65,35.8,11.0,,Islamabad,4.4,293.0,559.49,4093.49
1204,54.0,63873.66,63.31,5.0,Groceries,Karachi,2.8,367.0,923.82,3747.07
1205,41.0,,66.99,11.0,,Lahore,,326.0,1545.33,7362.55
1206,31.0,,103.76,3.0,Groceries,Lahore,3.6,293.0,2103.63,5831.28
1207,57.0,,85.36,11.0,Groceries,Faisalabad,3.0,306.0,1444.67,4927.46
1208,68.0,65251.8,64.1,0.0,Electronics,Karachi,4.2,321.0,1632.77,4241.47
1209,,,69.29,1.0,Electronics,Karachi,,115.0,1014.94,2284.39
1210,58.0,,62.56,5.0,Groceries,Karachi,2.7,288.0,2116.77,5595.46
1211,31.0,,57.39,7.0,Home,Karachi,4.8,79.0,2218.97,7700.02
1212,55.0,41186.6,38.77,10.0,Apparel,Karachi,3.8,143.0,1124.43,4719.6
1213,59.0,61676.86,62.04,5.0,,Lahore,2.1,373.0,1609.13,5005.85
1214,41.0,,50.74,0.0,Groceries,Karachi,3.7,113.0,478.94,1373.64
1215,56.0,37493.06,33.92,4.0,,Karachi,4.0,337.0,1159.33,3395.47
1216,32.0,76246.88,75.15,6.0,Electronics,Lahore,4.6,169.0,1565.66,6896.91
1217,22.0,,70.87,8.0,Home,Islamabad,3.4,83.0,1357.26,4740.82
1218,23.0,25692.43,25.16,9.0,Electronics,Lahore,4.4,38.0,758.11,2444.49
1219,41.0,,64.45,3.0,Apparel,Karachi,,219.0,1179.72,4659.15
1220,64.0,86905.43,86.01,9.0,Home,Karachi,2.5,180.0,1968.04,6966.55
1221,24.0,,88.21,9.0,Apparel,Karachi,2.4,204.0,2505.93,10128.87
1222,41.0,87568.41,90.48,11.0,Home,Karachi,4.7,17.0,1877.25,6797.84
1223,54.0,65856.09,66.77,7.0,Groceries,Faisalabad,4.8,107.0,2291.13,8113.17
1224,,46409.0,44.89,12.0,Home,Karachi,,1.0,878.16,5325.25
1225,55.0,41158.63,41.48,3.0,Apparel,Islamabad,,120.0,1589.34,4417.87
1226,33.0,72581.31,70.93,10.0,,Islamabad,4.7,372.0,1445.02,5244.03
1227,,,74.19,0.0,Apparel,Lahore,4.3,60.0,1466.48,4992.73
1228,48.0,93321.28,94.35,1.0,Home,Lahore,2.9,275.0,1710.35,5819.0
1229,46.0,89199.55,86.47,12.0,Beauty,Karachi,5.0,2.0,2126.5,6879.76
1230,,62090.97,62.44,7.0,Groceries,Lahore,4.2,224.0,1842.36,5374.06
1231,42.0,37627.47,37.39,9.0,Home,Lahore,3.4,368.0,1712.48,3978.33
1232,62.0,,59.07,9.0,Apparel,Lahore,3.1,136.0,1995.8,7395.61
1233,19.0,69779.09,71.44,10.0,,Karachi,3.9,78.0,1633.64,6072.43
1234,57.0,60554.17,61.51,3.0,Beauty,Lahore,,228.0,1404.79,4437.8
1235,43.0,,51.68,2.0,Groceries,Islamabad,4.3,111.0,812.9,1501.96
1236,55.0,70563.47,72.43,0.0,Apparel,Karachi,2.8,356.0,1014.65,2363.78
1237,52.0,53912.93,52.17,12.0,Electronics,Islamabad,4.0,339.0,1099.74,4706.11
1238,40.0,51182.55,48.54,3.0,Electronics,Lahore,,260.0,968.62,2845.52
1239,34.0,71851.96,65.46,8.0,Home,Karachi,3.5,255.0,1856.88,6654.99
1240,50.0,,56.02,6.0,Groceries,Lahore,3.0,240.0,5730.136641223557,3424.34
1241,25.0,70370.3,68.73,2.0,Groceries,Karachi,3.6,294.0,1468.86,6491.54
1242,48.0,,71.81,6.0,Electronics,Lahore,5.0,184.0,2266.62,7260.64
1243,22.0,,35.99,1.0,Groceries,Faisalabad,4.9,387.0,1287.42,4660.2
1244,51.0,54412.7,53.12,2.0,Home,Lahore,,138.0,934.18,2515.6
1245,50.0,96631.09,97.57,2.0,Home,Karachi,3.7,3.0,1453.87,3561.03
1246,22.0,39434.25,37.37,12.0,Electronics,Lahore,,279.0,1452.62,5544.05
1247,57.0,,19.25,8.0,Apparel,Karachi,4.7,264.0,50.0,231.16
1248,39.0,24039.41,22.93,13.0,Groceries,Karachi,3.0,392.0,1444.85,5814.26
1249,58.0,65640.42,65.57,6.0,Apparel,Lahore,3.6,158.0,1467.37,4600.47
1250,20.0,65680.18,66.87,3.0,Groceries,Lahore,2.1,169.0,2166.12,4958.68
1251,27.0,62412.56,64.32,9.0,Groceries,Lahore,4.7,224.0,917.47,5656.62
1252,43.0,,91.9,13.0,Groceries,Lahore,5.0,156.0,2721.5,9240.82
1253,27.0,15000.0,13.37,7.0,Apparel,Faisalabad,3.8,313.0,539.8,1239.4
1254,35.0,73710.55,72.79,0.0,Groceries,Karachi,1.8,171.0,1341.79,4810.12
1255,52.0,99351.64,100.63,4.0,Groceries,Lahore,4.2,313.0,1599.1,5008.37
1256,25.0,40188.82,38.15,13.0,Home,Faisalabad,2.9,170.0,1562.08,7129.22
1257,53.0,56644.26,56.29,7.0,Apparel,Lahore,3.1,90.0,1683.34,5238.08
1258,,,47.66,14.0,Groceries,Karachi,,396.0,2242.78,7758.6
1259,27.0,45324.39,45.12,7.0,Home,Islamabad,3.9,210.0,1589.71,5753.38
1260,48.0,57822.24,55.8,0.0,,Faisalabad,3.3,282.0,918.89,3350.02
1261,59.0,96404.68,92.7,13.0,Electronics,Islamabad,3.1,236.0,2046.55,8645.21
1262,26.0,105422.51,106.46,11.0,Apparel,Karachi,3.8,143.0,2001.05,7635.06
1263,33.0,57609.34,59.54,10.0,Groceries,Faisalabad,3.3,388.0,2141.48,7852.69
1264,,106911.32,103.33,14.0,Apparel,Lahore,2.7,148.0,2386.96,9733.02
1265,69.0,65782.68,66.52,2.0,Electronics,Faisalabad,3.4,397.0,1987.75,6087.66
1266,48.0,103581.2,105.75,13.0,Apparel,Islamabad,4.0,172.0,2801.65,9875.81
1267,41.0,62947.43,64.14,3.0,Groceries,Faisalabad,3.5,9.0,1510.91,3700.51
1268,36.0,67883.27,67.05,14.0,Groceries,Lahore,2.4,14.0,1794.92,7745.47
1269,49.0,73040.44,71.15,2.0,Beauty,Lahore,,389.0,1805.08,5576.84
1270,48.0,134934.78,135.1,8.0,Groceries,Karachi,1.2,211.0,3012.51,9749.73
1271,33.0,83728.28,84.22,11.0,Home,Karachi,3.3,155.0,1966.88,8426.7
1272,19.0,49440.18,49.63,1.0,Beauty,Karachi,3.1,324.0,1307.21,2770.16
1273,25.0,,85.96,1.0,Home,Faisalabad,3.8,246.0,1708.77,6600.33
1274,67.0,57039.68,54.87,12.0,Electronics,Karachi,4.2,264.0,1301.46,5606.23
1275,39.0,,55.07,0.0,Home,Lahore,4.7,274.0,1324.44,4107.37
1276,43.0,,85.93,9.0,Electronics,Karachi,3.1,79.0,2034.19,6969.33
1277,42.0,65683.88,66.09,14.0,Groceries,Lahore,4.2,35.0,2069.24,6596.28
1278,58.0,71128.67,71.35,9.0,Home,Lahore,3.9,291.0,1601.03,5952.17
1279,21.0,,68.67,7.0,,Lahore,2.2,8.0,1102.5,4727.12
1280,,,71.16,6.0,Groceries,Islamabad,5.0,287.0,2382.13,8120.35
1281,32.0,74349.25,76.91,9.0,Groceries,Islamabad,2.4,51.0,2465.63,8099.14
1282,43.0,22386.73,20.92,8.0,Home,Karachi,4.1,105.0,1121.25,2472.96
1283,52.0,79664.6,81.88,7.0,Apparel,Lahore,,283.0,1718.17,4908.74
1284,43.0,,45.86,2.0,Groceries,Karachi,3.9,249.0,827.78,4445.02
1285,40.0,33269.42,32.68,9.0,Home,Islamabad,3.3,312.0,1578.32,4754.47
1286,66.0,63714.95,67.04,11.0,Electronics,Islamabad,4.4,244.0,1572.77,7360.71
1287,26.0,,67.79,10.0,Electronics,Karachi,2.3,19.0,1483.93,5131.03
1288,47.0,49742.86,47.99,1.0,Apparel,Islamabad,3.6,335.0,19294.54249258998,4960.84
1289,46.0,83282.7,82.53,10.0,Beauty,Karachi,3.2,86.0,2046.58,7949.44
1290,42.0,35472.15,37.74,10.0,Electronics,Karachi,3.1,54.0,1816.81,5740.59
1291,59.0,,57.89,2.0,Electronics,Islamabad,4.1,351.0,641.59,3738.22
1292,31.0,52132.77,50.02,12.0,Electronics,Lahore,4.7,77.0,1729.93,6706.74
1293,67.0,,63.7,7.0,,Lahore,3.4,214.0,2387.93,8028.26
1294,35.0,71135.01,71.54,7.0,Electronics,Lahore,4.4,194.0,1714.6,5833.76
1295,46.0,42826.36,41.81,10.0,Groceries,Karachi,3.7,307.0,1150.93,5332.56
1296,45.0,,85.65,7.0,Beauty,Karachi,2.9,17.0,1431.58,6701.33
1297,62.0,66386.05,66.85,8.0,Electronics,Karachi,3.5,42.0,2080.66,6960.48
1298,40.0,23377.18,23.25,4.0,Apparel,Karachi,3.4,166.0,319.49,3016.27
1299,32.0,21910.99,24.29,13.0,Groceries,Lahore,3.1,189.0,920.3,3980.58
1300,19.0,64728.98,64.0,14.0,Home,Islamabad,4.1,315.0,1360.78,6760.52
1301,36.0,60138.72,62.15,1.0,,Lahore,3.9,242.0,1865.53,5806.5
1302,60.0,62724.76,59.39,10.0,,Faisalabad,2.3,59.0,2116.45,6563.51
1303,18.0,64384.39,63.48,0.0,Electronics,Lahore,2.2,391.0,1275.05,4002.52
1304,64.0,69962.32,72.06,5.0,Apparel,Karachi,4.1,183.0,1137.59,4299.49
1305,46.0,85848.29,88.99,14.0,Home,Karachi,3.0,385.0,2891.33,9504.25
1306,25.0,40555.69,39.01,2.0,,Islamabad,4.0,395.0,744.74,2853.81
1307,33.0,39216.62,37.44,5.0,Groceries,Lahore,4.4,20.0,542.25,2614.82
1308,46.0,40946.88,42.08,3.0,Home,Faisalabad,2.6,202.0,234.09,1386.62
1309,34.0,71356.17,70.11,10.0,Electronics,Karachi,2.4,168.0,1568.74,6080.55
1310,23.0,92388.84,91.85,6.0,Groceries,Karachi,5.0,199.0,1505.92,5516.68
1311,52.0,,57.26,8.0,Apparel,Karachi,4.0,123.0,1181.08,4413.65
1312,52.0,15000.0,13.91,14.0,Groceries,Lahore,3.3,223.0,1157.76,5256.27
1313,24.0,27512.16,23.58,7.0,Groceries,Karachi,,196.0,680.08,2510.19
1314,32.0,,44.07,11.0,Groceries,Lahore,3.2,74.0,1515.74,8031.53
1315,30.0,52729.96,52.75,1.0,Electronics,Lahore,2.6,115.0,805.27,1563.01
1316,52.0,56015.45,52.29,3.0,Groceries,Karachi,4.5,58.0,1266.38,3708.32
1317,55.0,65848.78,65.25,14.0,Apparel,Karachi,,337.0,2645.34,8967.24
1318,55.0,58141.58,55.36,12.0,Apparel,Lahore,4.7,270.0,1503.44,7772.41
1319,66.0,88085.47,91.37,9.0,Electronics,Lahore,3.3,155.0,2275.48,6863.45
1320,57.0,,54.46,5.0,Home,Lahore,2.8,158.0,576.34,3032.86
1321,34.0,46029.0,43.91,2.0,Electronics,Lahore,3.3,31.0,1608.62,4980.56
1322,23.0,75535.26,76.05,12.0,Home,Karachi,1.3,115.0,1799.82,7321.78
1323,49.0,31215.87,29.3,11.0,Groceries,Lahore,3.6,369.0,1484.53,6662.56
1324,65.0,73573.22,72.95,3.0,Home,Islamabad,,12.0,1542.19,6013.87
1325,68.0,67256.17,70.86,8.0,Electronics,Lahore,4.4,58.0,1909.76,6286.2
1326,29.0,,60.82,9.0,Electronics,Lahore,2.0,338.0,1863.53,6781.6
1327,30.0,99942.07,99.37,7.0,Groceries,Islamabad,4.7,208.0,2097.87,5802.81
1328,19.0,51311.44,49.43,13.0,,Lahore,4.4,12.0,1982.99,7499.86
1329,25.0,110326.56,112.62,1.0,,Karachi,4.8,195.0,1942.94,5475.42
1330,46.0,,53.51,3.0,Apparel,Faisalabad,3.7,299.0,1631.98,4981.25
1331,46.0,36905.64,36.02,1.0,,Faisalabad,4.6,138.0,622.03,725.83
1332,37.0,66538.23,66.45,10.0,Electronics,Islamabad,2.4,152.0,1870.59,7165.76
1333,34.0,,40.0,9.0,Home,Lahore,4.3,252.0,1001.65,2910.1
1334,61.0,48461.37,50.19,14.0,Home,Karachi,3.0,239.0,1549.22,6576.29
1335,41.0,73734.73,76.14,8.0,Home,Faisalabad,2.2,361.0,1364.82,4368.19
1336,60.0,,74.4,2.0,Apparel,Faisalabad,,99.0,1723.48,4701.22
1337,68.0,51312.31,55.5,6.0,Apparel,Lahore,3.7,110.0,1283.92,5546.71
1338,34.0,86722.91,83.88,1.0,Groceries,Lahore,3.0,62.0,1558.4,5383.56
1339,28.0,90465.17,93.04,10.0,Apparel,Lahore,4.0,265.0,2187.29,8792.24
1340,67.0,,96.9,10.0,,Lahore,2.1,213.0,2385.57,9677.69
1341,51.0,76647.09,75.64,12.0,Electronics,Karachi,1.8,138.0,1766.4,6364.2
1342,33.0,,94.18,5.0,Groceries,Lahore,4.9,278.0,2048.41,8020.16
1343,50.0,23622.43,23.56,4.0,Electronics,Lahore,4.5,150.0,230.23,239.39
1344,44.0,58006.06,58.42,1.0,,Lahore,2.8,78.0,2138.41,6672.97
1345,65.0,,44.09,6.0,Groceries,Karachi,3.7,215.0,1582.17,4920.01
1346,31.0,67622.97,67.16,7.0,Apparel,Lahore,4.6,174.0,1741.7,5336.24
1347,69.0,,50.89,11.0,Home,Karachi,,162.0,1957.41,7559.38
1348,66.0,61344.53,58.91,11.0,Beauty,Lahore,3.8,177.0,875.19,5207.38
1349,27.0,106407.85,104.77,2.0,Electronics,Faisalabad,4.7,365.0,1185.09,5059.02
1350,26.0,,58.97,4.0,Home,Lahore,3.0,86.0,1225.61,4448.57
1351,45.0,74103.43,73.26,7.0,Home,Karachi,3.7,110.0,1210.64,4923.2
1352,20.0,59890.07,60.76,5.0,Electronics,Lahore,3.7,226.0,1303.16,5028.29
1353,33.0,66665.69,66.91,0.0,Home,Lahore,3.5,18.0,1415.58,4448.62
1354,40.0,65132.37,69.08,12.0,Groceries,Lahore,3.3,58.0,2150.81,8261.43
1355,68.0,74863.13,70.44,10.0,Apparel,Lahore,3.8,226.0,1441.96,6016.73
1356,69.0,90636.77,91.58,7.0,Groceries,Lahore,3.7,203.0,2252.59,8262.07
1357,25.0,101242.67,101.26,4.0,Groceries,Karachi,2.8,261.0,2190.61,5787.19
1358,64.0,71811.64,73.44,12.0,Electronics,Karachi,4.4,45.0,2055.24,7551.2
1359,22.0,77970.03,79.4,0.0,Electronics,Lahore,2.8,341.0,13112.798014636955,3051.35
1360,56.0,39680.98,39.35,6.0,Electronics,Karachi,3.5,194.0,1586.87,5485.35
1361,61.0,63066.71,63.41,12.0,Apparel,Karachi,3.4,62.0,1699.93,7994.04
1362,64.0,85686.37,84.2,14.0,Groceries,Lahore,4.0,124.0,2983.4,10036.1
1363,29.0,84051.31,85.28,3.0,Electronics,Lahore,1.8,90.0,1484.87,5104.49
1364,64.0,69655.41,65.9,9.0,Apparel,Lahore,4.5,180.0,2050.24,7777.34
1365,24.0,84500.67,86.05,2.0,,Lahore,3.1,187.0,1746.15,3856.2
1366,44.0,75796.87,75.75,1.0,Groceries,Karachi,,173.0,1424.84,4052.38
1367,42.0,91406.74,90.43,5.0,Beauty,Faisalabad,3.3,184.0,2281.06,7658.33
1368,34.0,,70.9,13.0,Groceries,Faisalabad,3.7,363.0,1827.65,4915.19
1369,19.0,57174.64,56.86,10.0,,Faisalabad,5.0,383.0,478.71,2487.07
1370,58.0,72388.51,74.98,7.0,Electronics,Karachi,3.5,195.0,502.62,3911.12
1371,35.0,15000.0,21.47,4.0,Apparel,Lahore,4.8,385.0,968.97,3974.82
1372,52.0,73423.49,75.86,2.0,Beauty,Lahore,3.7,327.0,17467.82985077196,6435.11
1373,39.0,,13.87,4.0,Home,Lahore,4.1,327.0,1214.94,4493.11
1374,37.0,27083.81,28.34,2.0,Apparel,Lahore,3.8,90.0,614.66,2279.57
1375,64.0,74938.91,76.29,2.0,Apparel,Lahore,,175.0,1061.72,4148.01
1376,22.0,75505.65,73.66,10.0,Groceries,Karachi,3.1,140.0,1742.28,6358.23
1377,56.0,39426.57,36.9,1.0,Apparel,Lahore,2.8,38.0,833.1,2719.67
1378,56.0,49333.76,49.21,0.0,Home,Lahore,3.1,30.0,583.86,1447.09
1379,37.0,95151.9,96.77,8.0,Beauty,Islamabad,3.8,248.0,2882.47,10368.48
1380,31.0,54351.34,51.13,4.0,Groceries,Lahore,3.5,168.0,2142.83,7717.84
1381,18.0,114344.25,112.9,6.0,Electronics,Islamabad,4.3,330.0,2718.2,9942.87
1382,66.0,,66.1,2.0,Apparel,Lahore,4.9,267.0,1374.81,4060.12
1383,67.0,73976.8,74.06,3.0,Electronics,Karachi,2.8,34.0,1081.55,3130.62
1384,30.0,100571.24,103.4,6.0,Electronics,Lahore,3.0,335.0,2870.0,10102.29
1385,19.0,67882.6,65.06,10.0,Groceries,Karachi,2.4,198.0,1788.17,7084.38
1386,24.0,,47.65,6.0,Apparel,Lahore,5.0,226.0,983.3,4050.6
1387,21.0,,59.51,8.0,Electronics,Lahore,4.0,386.0,1764.19,5729.43
1388,61.0,,60.16,7.0,,Karachi,4.1,256.0,1330.05,5357.82
1389,64.0,34975.68,34.86,4.0,Electronics,Lahore,2.5,8.0,918.26,2377.18
1390,25.0,59371.69,57.1,4.0,,Lahore,3.7,70.0,770.45,3627.09
1391,56.0,48671.77,48.59,6.0,Apparel,Faisalabad,4.2,170.0,1648.27,6610.5
1392,27.0,85335.87,85.19,0.0,Electronics,Lahore,3.5,14.0,1664.95,6320.57
1393,37.0,65761.46,65.37,10.0,Electronics,Karachi,4.7,66.0,2178.75,8171.31
1394,49.0,58778.49,57.09,9.0,Apparel,Karachi,5.0,316.0,1455.12,4469.97
1395,55.0,62664.0,63.53,4.0,Groceries,Lahore,,57.0,1358.8,4781.5
1396,63.0,,69.27,5.0,Apparel,Karachi,2.8,66.0,1113.25,5943.96
1397,20.0,78569.91,80.78,4.0,Groceries,Lahore,2.9,201.0,2035.3,5779.06
1398,28.0,,42.65,9.0,Beauty,Islamabad,5.0,36.0,869.79,3907.19
1399,32.0,42085.07,40.16,11.0,Groceries,Lahore,4.6,102.0,1087.13,5919.5
1400,34.0,89302.94,85.93,1.0,Apparel,Lahore,3.6,375.0,1826.48,6102.94
1401,69.0,55928.59,55.58,6.0,Electronics,Lahore,3.7,252.0,1407.06,6961.06
1402,58.0,33829.47,31.29,0.0,Beauty,Faisalabad,3.0,385.0,50.0,-123.0
1403,34.0,,72.06,6.0,Beauty,Islamabad,4.5,141.0,1642.96,4963.23
1404,68.0,75194.14,76.25,3.0,Apparel,Faisalabad,3.4,246.0,1941.97,7036.17
1405,43.0,31324.26,27.77,5.0,Groceries,Karachi,3.5,95.0,675.15,1794.41
1406,44.0,70048.6,72.87,6.0,Electronics,Karachi,4.2,151.0,1551.08,5320.77
1407,40.0,81182.83,81.5,4.0,Home,Karachi,3.5,69.0,1848.62,5980.86
1408,25.0,73236.5,73.15,5.0,Apparel,Faisalabad,,333.0,1614.35,6347.03
1409,66.0,78903.59,76.83,11.0,Electronics,Karachi,3.7,73.0,1605.87,6945.13
1410,18.0,34106.08,35.63,12.0,,Lahore,4.4,81.0,1147.58,5375.66
1411,27.0,72282.88,72.28,0.0,Groceries,Karachi,,185.0,1843.29,5009.11
1412,29.0,58342.37,56.97,5.0,Home,Karachi,4.2,171.0,946.38,4671.38
1413,,54378.62,54.78,12.0,Apparel,Lahore,4.4,125.0,1417.78,9108.9
1414,24.0,,80.79,7.0,Apparel,Lahore,3.5,142.0,1410.39,5970.52
1415,18.0,97544.04,94.27,3.0,Apparel,Lahore,3.1,118.0,2447.43,7623.75
1416,53.0,104476.14,102.24,8.0,Groceries,Islamabad,4.3,365.0,2372.58,7137.92
1417,68.0,,94.62,2.0,Groceries,Lahore,3.9,232.0,1618.44,4775.37
1418,24.0,,62.58,0.0,Electronics,Islamabad,2.4,367.0,1288.62,3676.44
1419,33.0,,74.86,9.0,Home,Karachi,3.4,394.0,1333.76,4984.32
1420,44.0,81870.1,80.03,7.0,Groceries,Islamabad,3.6,260.0,1504.0,5615.84
1421,66.0,67665.91,68.82,11.0,Groceries,Lahore,3.2,330.0,1209.26,6772.22
1422,54.0,67876.81,67.65,5.0,Electronics,Faisalabad,5.0,44.0,1130.82,5253.55
1423,57.0,83122.57,81.24,12.0,Electronics,Karachi,4.1,379.0,2685.39,9217.63
1424,48.0,,64.47,6.0,Apparel,Lahore,4.9,192.0,1220.67,3622.01
1425,39.0,48955.69,48.82,11.0,Electronics,Lahore,3.9,285.0,16160.586457552168,7223.45
1426,28.0,55881.59,54.62,1.0,Electronics,Lahore,3.8,98.0,823.11,2727.35
1427,62.0,78946.03,79.03,1.0,Home,Lahore,2.9,38.0,1922.73,4365.08
1428,59.0,65065.85,64.81,11.0,Groceries,Islamabad,3.7,353.0,1330.88,6197.8
1429,19.0,72484.62,72.18,12.0,Groceries,Faisalabad,3.7,179.0,1945.38,8208.85
1430,55.0,,78.92,14.0,Groceries,Karachi,2.5,55.0,2175.98,6396.64
1431,22.0,56753.49,54.14,4.0,Home,Karachi,3.2,263.0,2226.19,6073.37
1432,56.0,,81.79,0.0,Groceries,Karachi,3.4,21.0,1884.92,5440.31
1433,60.0,73334.54,71.73,14.0,Home,Islamabad,4.1,180.0,1789.53,7894.78
1434,24.0,37834.11,35.79,9.0,Beauty,Islamabad,4.1,281.0,1390.7,4792.49
1435,40.0,96730.71,96.25,3.0,Apparel,Lahore,3.2,288.0,2909.88,8026.29
1436,24.0,53983.62,55.45,11.0,Groceries,Faisalabad,4.1,181.0,867.82,4941.12
1437,47.0,,28.96,13.0,Apparel,Lahore,3.5,147.0,754.77,3748.15
1438,66.0,,40.95,4.0,Groceries,Islamabad,1.1,335.0,905.42,3717.28
1439,22.0,,41.39,11.0,Groceries,Faisalabad,3.3,73.0,1123.9,3995.91
1440,38.0,66147.81,67.42,11.0,Groceries,Islamabad,4.7,29.0,1629.85,5304.24
1441,,58975.29,54.18,7.0,,Lahore,2.2,62.0,937.81,4588.49
1442,33.0,57589.7,59.18,9.0,,Karachi,3.8,320.0,2073.38,7311.36
1443,24.0,78633.44,74.89,4.0,Groceries,Lahore,5.0,187.0,1163.63,5033.37
1444,43.0,72477.26,69.65,13.0,Electronics,Islamabad,3.0,14.0,1889.46,6972.35
1445,44.0,71953.05,70.92,14.0,Groceries,Lahore,3.7,67.0,2417.39,8226.92
1446,52.0,,78.36,14.0,Apparel,Karachi,2.5,11.0,2028.25,8999.36
1447,34.0,,81.91,11.0,Beauty,Faisalabad,5.0,325.0,1619.34,5265.53
1448,67.0,,20.04,0.0,Electronics,Lahore,3.6,184.0,50.0,1312.42
1449,45.0,,57.7,5.0,Apparel,Lahore,3.7,27.0,1247.65,5495.35
1450,32.0,17035.38,13.31,6.0,Groceries,Karachi,4.9,88.0,277.9,2453.18
1451,67.0,65793.32,66.11,14.0,Electronics,Karachi,4.3,246.0,1957.96,7102.59
1452,66.0,64898.07,63.8,8.0,Electronics,Lahore,2.9,237.0,1057.38,3839.21
1453,43.0,88001.71,86.37,8.0,Electronics,Lahore,3.1,327.0,2405.25,7925.1
1454,19.0,91127.96,91.44,2.0,Electronics,Karachi,4.1,10.0,1948.78,5047.2
1455,49.0,69461.05,68.52,11.0,Groceries,Karachi,,27.0,1905.16,6338.16
1456,46.0,53992.06,55.73,5.0,,Karachi,1.8,14.0,1856.27,6446.38
1457,25.0,,71.8,1.0,Groceries,Lahore,3.7,157.0,1378.35,4872.09
1458,50.0,53385.81,53.54,14.0,Electronics,Karachi,2.4,290.0,1337.39,5137.67
1459,61.0,64969.36,63.21,2.0,Electronics,Lahore,5.0,265.0,1160.28,4391.29
1460,23.0,,85.88,0.0,Electronics,Lahore,3.9,84.0,1656.89,5372.62
1461,55.0,52729.03,53.34,1.0,Groceries,Islamabad,2.9,262.0,1058.19,4530.67
1462,,,80.49,6.0,Groceries,Lahore,3.1,262.0,1562.22,6088.11
1463,,79902.83,80.23,1.0,Groceries,Karachi,2.0,76.0,828.82,3867.94
1464,39.0,43994.58,43.57,12.0,Electronics,Faisalabad,2.7,299.0,1135.52,5460.41
1465,18.0,,85.1,7.0,Electronics,Karachi,,168.0,2152.44,8079.3
1466,68.0,80368.46,79.43,4.0,Beauty,Karachi,5.0,23.0,1821.87,4928.67
1467,,67242.37,66.93,0.0,Electronics,Lahore,4.4,156.0,1824.67,5136.7
1468,48.0,48228.88,46.69,7.0,Electronics,Lahore,3.6,307.0,2026.77,6568.03
1469,27.0,46097.47,46.11,2.0,Electronics,Lahore,3.3,278.0,1305.68,3830.17
1470,66.0,,52.62,14.0,Beauty,Islamabad,2.8,107.0,2176.44,8427.92
1471,56.0,76937.08,75.71,4.0,Apparel,Islamabad,,302.0,2005.45,6890.5
1472,59.0,43976.25,47.16,7.0,Apparel,Lahore,3.5,155.0,1843.48,6412.27
1473,40.0,74625.27,75.46,0.0,Beauty,Lahore,,184.0,2232.85,6186.82
1474,42.0,,36.92,1.0,Electronics,Lahore,5.0,34.0,1174.09,2873.45
1475,50.0,,60.8,3.0,Beauty,Karachi,,398.0,1612.76,5964.75
1476,58.0,67412.25,65.36,0.0,Electronics,Karachi,3.1,335.0,1266.15,4119.28
1477,62.0,118792.86,117.92,10.0,Apparel,Karachi,3.1,77.0,2759.32,8771.34
1478,18.0,34699.06,34.06,14.0,Groceries,Faisalabad,3.6,224.0,1118.85,5089.17
1479,52.0,97384.32,94.89,14.0,Groceries,Lahore,3.6,312.0,2756.19,8569.68
1480,23.0,68296.53,69.07,3.0,Beauty,Karachi,5.0,201.0,1197.79,4155.74
1481,32.0,74045.78,73.03,11.0,Electronics,Karachi,2.7,84.0,1844.47,6842.93
1482,61.0,67603.65,66.89,7.0,Beauty,Lahore,3.9,387.0,690.01,2991.49
1483,31.0,,73.65,0.0,Groceries,Faisalabad,,107.0,2184.92,7477.82
1484,59.0,61618.93,67.54,1.0,Apparel,Lahore,3.7,133.0,1184.19,2801.74
1485,42.0,96989.1,95.66,8.0,Beauty,Islamabad,3.8,148.0,2442.01,8840.03
1486,30.0,,50.82,6.0,Electronics,Islamabad,2.8,356.0,1922.27,8004.62
1487,35.0,89909.16,86.71,0.0,Beauty,Faisalabad,3.8,200.0,1918.3,6556.66
1488,45.0,50823.92,52.34,13.0,Apparel,Karachi,4.2,287.0,2114.22,7718.56
1489,,63674.46,66.35,10.0,Apparel,Lahore,4.0,360.0,1176.79,4171.46
1490,49.0,41416.82,40.05,7.0,Electronics,Islamabad,4.2,371.0,2067.29,5542.74
1491,66.0,75010.52,77.57,14.0,Groceries,Islamabad,5.0,342.0,2495.05,8758.49
1492,63.0,96792.77,98.28,14.0,Apparel,Karachi,4.5,363.0,2579.54,8967.18
1493,57.0,,62.92,14.0,Groceries,Islamabad,3.8,379.0,2395.99,8147.32
1494,49.0,60668.51,60.15,3.0,,Lahore,2.6,396.0,865.92,2960.43
1495,33.0,40478.43,40.84,13.0,Electronics,Karachi,3.2,257.0,1214.12,5308.29
1496,39.0,,61.71,7.0,Home,Islamabad,3.5,52.0,2056.81,7179.75
1497,24.0,29958.53,30.75,10.0,Electronics,Lahore,3.9,45.0,252.35,1440.22
1498,37.0,44916.68,43.56,12.0,Apparel,Karachi,3.3,318.0,1602.52,5709.67
1499,66.0,69989.29,69.64,2.0,Beauty,Faisalabad,2.9,126.0,1692.66,5103.81
1500,40.0,94018.29,97.98,6.0,,Islamabad,2.6,321.0,2908.06,8953.94
1501,23.0,,127.31,1.0,Electronics,Islamabad,,373.0,1942.87,7744.34
1502,51.0,52095.13,53.83,4.0,Apparel,Lahore,3.5,257.0,1845.76,5921.15
1503,68.0,96576.6,97.66,6.0,,Faisalabad,2.4,305.0,1947.74,5444.24
1504,63.0,70362.55,70.91,12.0,Apparel,Lahore,,111.0,1708.45,7109.3
1505,32.0,61672.55,61.89,12.0,Apparel,Karachi,3.3,173.0,1224.65,5914.88
1506,41.0,,76.31,5.0,Apparel,Karachi,2.5,386.0,1255.2,4533.07
1507,45.0,66362.16,67.8,4.0,Groceries,Islamabad,4.0,326.0,1648.65,4414.53
1508,30.0,,67.96,7.0,Apparel,Faisalabad,,81.0,1183.64,6089.83
1509,31.0,56016.67,54.63,13.0,,Islamabad,3.2,374.0,1936.45,6495.38
1510,30.0,34241.59,35.01,14.0,Electronics,Karachi,,199.0,979.65,5420.16
1511,69.0,,30.91,3.0,Apparel,Karachi,4.2,337.0,255.59,1559.42
1512,56.0,,78.75,2.0,Home,Karachi,3.1,208.0,1456.3,5215.11
1513,61.0,58912.6,64.27,10.0,Apparel,Karachi,3.0,241.0,1712.93,7736.94
1514,60.0,51886.04,48.81,4.0,Groceries,Lahore,4.8,64.0,1086.78,4285.12
1515,67.0,65187.12,67.1,2.0,Groceries,Karachi,4.5,135.0,1397.43,3998.51
1516,23.0,,80.76,0.0,Electronics,Islamabad,4.2,289.0,1928.25,6530.3
1517,63.0,68968.01,69.23,6.0,Electronics,Islamabad,,336.0,2052.33,6215.63
1518,21.0,50566.79,55.7,5.0,Electronics,Islamabad,1.9,35.0,1087.3,4104.76
1519,42.0,91978.45,90.05,8.0,Beauty,Lahore,4.9,30.0,1741.88,5440.02
1520,48.0,,98.29,3.0,Electronics,Karachi,4.1,277.0,2145.28,5984.0
1521,36.0,75880.25,75.85,10.0,Home,Lahore,4.6,178.0,2105.86,7564.56
1522,25.0,,84.73,10.0,Electronics,Lahore,4.0,339.0,1544.12,6518.98
1523,27.0,92323.12,94.09,6.0,Groceries,Karachi,3.7,27.0,1730.22,4786.87
1524,60.0,89862.18,88.79,2.0,Groceries,Lahore,3.5,139.0,1589.57,5570.38
1525,34.0,78510.18,79.82,7.0,Groceries,Lahore,4.0,14.0,1767.07,5597.23
1526,34.0,78163.64,75.51,10.0,Home,Karachi,3.4,283.0,1658.86,7452.54
1527,66.0,76432.53,72.82,5.0,Beauty,Karachi,4.5,343.0,2011.47,6261.43
1528,25.0,40858.57,40.4,3.0,Home,Karachi,2.3,62.0,295.12,697.49
1529,65.0,80415.91,77.28,7.0,Electronics,Lahore,3.2,129.0,1256.43,5055.88
1530,65.0,35172.09,38.21,5.0,Home,Karachi,5.0,338.0,769.89,2293.46
1531,49.0,47518.81,44.46,6.0,Electronics,Karachi,3.1,16.0,1120.12,5190.64
1532,26.0,93678.43,91.6,5.0,Beauty,Karachi,3.5,380.0,1491.71,5416.48
1533,26.0,83484.84,84.31,4.0,Groceries,Karachi,2.9,354.0,1587.0,5281.01
1534,32.0,97722.76,96.55,10.0,Groceries,Lahore,4.0,61.0,2194.04,8435.77
1535,48.0,59023.16,55.99,6.0,Electronics,Faisalabad,3.0,55.0,13713.6884262927,3844.12
1536,25.0,,43.73,6.0,Electronics,Lahore,3.5,276.0,1093.76,2999.58
1537,41.0,59710.38,57.71,9.0,Electronics,Karachi,4.5,4.0,1289.58,5497.74
1538,24.0,,66.85,5.0,Beauty,Lahore,3.1,202.0,2136.03,5882.79
1539,46.0,,66.32,1.0,Home,Karachi,4.4,26.0,1570.04,3862.47
1540,19.0,,91.36,12.0,Beauty,Lahore,4.4,212.0,1955.97,8258.74
1541,54.0,57052.05,57.98,0.0,Electronics,Islamabad,4.6,140.0,1178.85,3937.7
1542,20.0,,71.09,8.0,,Lahore,3.8,282.0,1824.5,5485.63
1543,28.0,43250.2,42.6,3.0,Groceries,Karachi,,352.0,1470.89,4064.42
1544,27.0,,74.45,3.0,Groceries,Lahore,4.6,195.0,1377.99,3921.06
1545,61.0,65068.39,66.57,0.0,Groceries,Lahore,4.0,256.0,1608.3,6092.49
1546,20.0,48504.11,46.17,13.0,Groceries,Karachi,2.9,240.0,1506.82,6926.9
1547,40.0,,63.85,6.0,Apparel,Karachi,3.6,393.0,2032.86,6243.59
1548,48.0,60948.13,59.43,5.0,Electronics,Karachi,5.0,92.0,1935.32,6658.74
1549,44.0,59056.59,59.04,11.0,Groceries,Faisalabad,5.0,95.0,1699.92,5405.42
1550,53.0,103969.51,101.65,0.0,Apparel,Islamabad,5.0,151.0,1974.48,5437.78
1551,59.0,62834.19,60.24,8.0,Electronics,Faisalabad,4.4,294.0,1779.33,6360.56
1552,38.0,59634.29,57.89,7.0,Beauty,Lahore,,346.0,1400.51,5509.4
1553,,,16.92,8.0,Groceries,Islamabad,4.1,111.0,16137.637026441767,4733.69
1554,34.0,45327.44,44.5,1.0,Home,Karachi,2.6,43.0,977.94,3246.54
1555,69.0,59212.38,57.25,14.0,Apparel,Karachi,2.4,243.0,1581.99,6709.77
1556,44.0,49911.24,51.3,3.0,Apparel,Faisalabad,3.9,239.0,934.38,3154.2
1557,56.0,,93.83,10.0,Apparel,Karachi,4.2,149.0,1822.74,6773.91
1558,63.0,61371.37,59.58,11.0,Home,Islamabad,4.5,73.0,1890.05,6647.83
1559,59.0,93345.77,92.56,5.0,Apparel,Islamabad,,339.0,1738.91,6216.28
1560,62.0,,68.34,1.0,Groceries,Lahore,4.2,338.0,1806.41,5658.25
1561,45.0,65819.01,66.25,4.0,Electronics,Karachi,,299.0,959.21,3814.9
1562,20.0,63046.48,62.85,12.0,Apparel,Karachi,3.6,231.0,1791.83,5967.16
1563,43.0,,62.22,13.0,Electronics,Faisalabad,2.3,104.0,2281.76,7506.09
1564,27.0,102813.49,100.53,14.0,Electronics,Islamabad,1.9,161.0,1755.37,7835.67
1565,64.0,,12.44,3.0,Electronics,Lahore,4.4,27.0,1227.31,4845.61
1566,30.0,20965.99,23.58,9.0,Groceries,Lahore,3.0,99.0,609.21,3204.62
1567,29.0,53050.24,54.11,2.0,Electronics,Lahore,4.5,180.0,1197.44,3494.77
1568,30.0,65319.61,63.6,10.0,Apparel,Karachi,4.7,174.0,1934.97,7170.09
1569,,,79.05,6.0,Home,Lahore,3.1,32.0,2134.1,6127.62
1570,47.0,75407.92,73.76,10.0,Home,Islamabad,4.2,383.0,2017.71,8345.51
1571,67.0,56546.59,54.77,10.0,Groceries,Karachi,3.1,107.0,1929.89,7039.47
1572,39.0,87418.96,88.34,14.0,Groceries,Islamabad,,203.0,2516.01,8728.65
1573,32.0,87664.3,87.09,7.0,Apparel,Lahore,3.8,186.0,2737.64,8637.31
1574,20.0,69049.27,73.21,5.0,Groceries,Karachi,3.3,187.0,1789.92,5493.66
1575,18.0,86178.47,88.68,7.0,Apparel,Lahore,3.3,338.0,2789.42,9934.67
1576,37.0,,73.62,2.0,Electronics,Islamabad,5.0,298.0,1860.4,5499.19
1577,66.0,52647.37,53.99,1.0,Beauty,Lahore,,347.0,370.65,1727.39
1578,45.0,80351.97,79.51,7.0,Electronics,Lahore,,151.0,2931.48,9641.2
1579,64.0,67433.49,68.63,12.0,Home,Lahore,,106.0,1598.93,5879.05
1580,23.0,65029.48,64.33,7.0,Apparel,Islamabad,4.5,170.0,2178.81,7302.29
1581,22.0,,100.67,11.0,Electronics,Lahore,4.0,224.0,2398.82,8840.65
1582,61.0,15000.0,15.81,2.0,Apparel,Karachi,,134.0,804.44,1217.84
1583,23.0,33810.95,34.34,6.0,Electronics,Islamabad,2.8,184.0,640.83,3042.34
1584,20.0,38884.45,39.14,9.0,Home,Islamabad,3.0,60.0,1387.99,5172.21
1585,39.0,57008.27,60.49,5.0,Apparel,Lahore,4.5,233.0,1238.89,4521.28
1586,66.0,59398.62,56.53,0.0,Electronics,Lahore,,285.0,1819.57,5171.41
1587,53.0,31838.84,35.52,1.0,Electronics,Karachi,4.1,210.0,852.24,2806.32
1588,23.0,,42.95,13.0,Home,Lahore,2.9,349.0,1760.91,7855.41
1589,61.0,,43.25,9.0,Groceries,Karachi,4.0,398.0,415.6,1906.01
1590,61.0,119063.33,117.56,3.0,Home,Lahore,5.0,362.0,2467.04,7534.51
1591,59.0,,101.34,3.0,Home,Karachi,3.8,37.0,2376.99,7972.15
1592,64.0,55941.51,57.25,0.0,Apparel,Lahore,5.0,352.0,1208.28,3964.86
1593,30.0,57001.17,54.92,14.0,,Karachi,,133.0,2084.49,8248.76
1594,,39717.51,40.05,1.0,Apparel,Lahore,3.7,180.0,687.99,4470.01
1595,34.0,23021.13,25.29,11.0,Beauty,Karachi,,164.0,919.94,4671.37
1596,59.0,,61.08,3.0,Electronics,Lahore,,113.0,1841.06,6581.69
1597,48.0,43047.26,42.51,5.0,Groceries,Faisalabad,3.0,350.0,149.47,1308.49
1598,58.0,,60.53,4.0,Electronics,Karachi,3.0,255.0,1658.41,4583.03
1599,50.0,,29.02,12.0,Groceries,Lahore,4.6,386.0,942.36,4202.4
1600,51.0,48236.56,53.38,0.0,Apparel,Lahore,4.8,381.0,599.8,2551.43
1601,50.0,68269.8,69.83,5.0,Groceries,Lahore,5.0,167.0,1700.01,6008.19
1602,58.0,73056.61,72.53,4.0,Apparel,Lahore,5.0,290.0,2112.11,6933.44
1603,56.0,74184.38,72.96,4.0,Groceries,Lahore,,200.0,2059.35,6318.74
1604,24.0,35949.24,35.86,2.0,Electronics,Islamabad,3.4,197.0,744.94,2222.8
1605,60.0,83803.09,84.06,13.0,Groceries,Karachi,4.9,295.0,2546.36,9010.05
1606,45.0,47395.34,46.56,5.0,Home,Lahore,4.3,275.0,1495.13,5541.36
1607,34.0,78922.87,79.98,6.0,Apparel,Karachi,2.8,364.0,1783.51,6820.59
1608,44.0,64765.95,62.86,5.0,Groceries,Lahore,2.8,309.0,1218.09,3637.89
1609,68.0,34719.48,32.8,14.0,Home,Faisalabad,4.1,248.0,1000.3,5557.82
1610,62.0,58043.65,58.78,5.0,Electronics,Lahore,3.5,367.0,1696.01,5049.88
1611,61.0,73038.0,70.7,5.0,Groceries,Islamabad,3.7,40.0,1643.9,5965.27
1612,42.0,78485.24,79.94,4.0,Electronics,Islamabad,,305.0,1311.23,4509.35
1613,58.0,,61.87,4.0,Beauty,Lahore,4.4,156.0,724.02,4281.66
1614,38.0,98699.14,95.04,1.0,Apparel,Lahore,4.9,173.0,2346.72,6669.33
1615,53.0,87165.24,87.38,9.0,Apparel,Lahore,2.0,312.0,1884.59,7076.02
1616,51.0,59353.61,55.98,0.0,,Islamabad,3.9,109.0,1319.23,4376.89
1617,,,82.89,3.0,Electronics,Karachi,4.3,353.0,2245.94,6180.71
1618,,107543.46,107.05,3.0,,Karachi,2.3,199.0,1747.3,5835.4
1619,21.0,108130.66,111.83,4.0,Groceries,Islamabad,3.1,139.0,2304.56,7229.44
1620,25.0,37984.0,40.13,11.0,Beauty,Islamabad,2.9,131.0,1131.4,4447.29
1621,40.0,44616.27,42.49,8.0,Home,Karachi,3.7,168.0,1364.22,4704.93
1622,42.0,97668.21,93.63,14.0,Groceries,Karachi,5.0,377.0,3009.03,11488.87
1623,26.0,41717.82,40.21,5.0,Apparel,Islamabad,5.0,41.0,502.58,1944.79
1624,39.0,,33.46,13.0,Beauty,Lahore,3.0,203.0,1466.0,6427.17
1625,49.0,54303.73,57.96,0.0,Groceries,Islamabad,,334.0,1498.68,4541.41
1626,30.0,74244.99,74.22,7.0,Apparel,Lahore,4.2,188.0,1690.35,4900.74
1627,35.0,62747.27,64.61,11.0,Beauty,Lahore,,226.0,1639.97,6792.73
1628,37.0,50687.6,50.12,7.0,Electronics,Islamabad,4.1,139.0,1461.13,4078.89
1629,44.0,,49.81,13.0,Home,Lahore,4.0,54.0,1661.27,7107.32
1630,37.0,,49.26,4.0,Electronics,Lahore,5.0,255.0,1379.51,4136.31
1631,56.0,45650.79,47.86,0.0,Apparel,Lahore,4.7,367.0,1137.53,3307.03
1632,35.0,115195.92,115.82,11.0,,Karachi,2.7,208.0,2351.13,7644.36
1633,40.0,71545.24,69.43,1.0,Apparel,Islamabad,4.4,172.0,1867.01,5630.88
1634,37.0,84508.7,87.75,11.0,Groceries,Lahore,4.5,51.0,2596.89,9728.87
1635,27.0,54240.3,53.65,11.0,Apparel,Lahore,4.0,377.0,1599.24,5544.93
1636,53.0,60908.95,60.0,12.0,Electronics,Karachi,4.7,347.0,1100.52,4674.66
1637,30.0,49301.81,43.64,7.0,Electronics,Faisalabad,3.9,360.0,1220.14,4957.06
1638,33.0,15000.0,16.27,13.0,Groceries,Lahore,3.9,143.0,897.76,4728.09
1639,59.0,34683.8,34.89,2.0,Apparel,Faisalabad,3.8,250.0,315.84,-510.91
1640,67.0,25166.39,25.37,6.0,Groceries,Islamabad,1.9,173.0,599.27,4262.16
1641,52.0,15504.76,14.7,1.0,Electronics,Lahore,3.6,93.0,50.0,852.89
1642,65.0,38702.1,37.55,11.0,Home,Islamabad,3.1,82.0,1456.96,6236.96
1643,62.0,94149.02,93.41,10.0,Groceries,Karachi,2.6,153.0,2349.36,8200.06
1644,43.0,64022.4,64.95,12.0,Groceries,Karachi,5.0,221.0,1102.13,3711.27
1645,58.0,,94.67,11.0,Groceries,Karachi,4.2,48.0,2448.43,9244.78
1646,35.0,74041.62,73.58,4.0,Electronics,Islamabad,3.7,280.0,1618.23,4933.84
1647,41.0,82216.29,84.11,1.0,Apparel,Islamabad,,183.0,1890.89,6134.53
1648,45.0,45180.27,45.02,13.0,Groceries,Islamabad,4.0,352.0,1266.99,5394.24
1649,67.0,76526.92,75.52,7.0,Electronics,Faisalabad,4.6,111.0,1489.95,5730.58
1650,62.0,,81.43,1.0,Beauty,Karachi,3.0,20.0,1352.3,3721.07
1651,43.0,52313.76,49.59,13.0,Home,Islamabad,3.7,124.0,1351.01,6542.17
1652,51.0,77309.89,77.78,14.0,Apparel,Islamabad,4.5,389.0,2113.73,7206.72
1653,28.0,,74.37,6.0,Home,Lahore,2.0,128.0,1848.31,8091.79
1654,59.0,52909.84,50.85,11.0,Beauty,Lahore,3.6,281.0,1421.91,7524.23
1655,46.0,40299.09,36.26,0.0,Groceries,Karachi,3.3,337.0,636.65,3300.78
1656,45.0,38949.18,38.6,1.0,Apparel,Islamabad,,113.0,678.42,3255.92
1657,57.0,66903.12,70.12,4.0,Apparel,Lahore,3.2,257.0,2501.15,7454.27
1658,50.0,,71.96,9.0,,Islamabad,3.8,81.0,1495.59,6744.15
1659,21.0,,48.85,2.0,Electronics,Lahore,5.0,144.0,808.1,2718.95
1660,32.0,65584.88,70.29,0.0,Electronics,Lahore,3.4,118.0,2629.24,5986.13
1661,27.0,,78.36,10.0,Apparel,Karachi,4.0,268.0,2119.44,8776.68
1662,56.0,78600.2,77.07,11.0,Home,Lahore,5.0,350.0,1460.01,6989.09
1663,19.0,99141.36,97.89,11.0,Home,Islamabad,3.2,100.0,2759.9,9516.09
1664,28.0,93093.58,93.09,11.0,Groceries,Lahore,5.0,116.0,1937.86,6445.44
1665,,,41.71,12.0,Electronics,Faisalabad,3.7,328.0,1703.06,6018.41
1666,54.0,,100.92,9.0,,Lahore,,185.0,2316.39,6704.45
1667,44.0,53318.52,55.29,7.0,Groceries,Faisalabad,4.4,205.0,1170.45,5265.37
1668,62.0,87987.2,90.04,12.0,Beauty,Karachi,4.0,282.0,2883.41,8605.75
1669,65.0,,63.2,5.0,Home,Lahore,3.6,55.0,1756.47,6035.6
1670,24.0,,54.3,1.0,Beauty,Lahore,3.1,348.0,1547.85,3904.0
1671,67.0,,24.3,11.0,Home,Lahore,3.8,146.0,1118.58,3557.39
1672,49.0,61225.58,62.42,4.0,Beauty,Karachi,4.5,263.0,1206.73,4419.76
1673,51.0,30693.57,32.98,14.0,Groceries,Islamabad,3.7,172.0,1418.41,5685.92
1674,22.0,86280.58,91.68,6.0,Electronics,Karachi,3.4,301.0,2449.3,8556.61
1675,50.0,,97.44,12.0,Electronics,Karachi,3.5,244.0,2501.28,8022.81
1676,55.0,47467.96,46.64,0.0,Groceries,Karachi,4.6,69.0,1670.02,4043.88
1677,48.0,71643.36,72.82,9.0,Groceries,Karachi,,75.0,2133.06,5488.97
1678,22.0,,47.68,6.0,Electronics,Karachi,,350.0,1305.62,2906.99
1679,45.0,51173.34,50.89,6.0,Beauty,Karachi,3.1,207.0,1364.06,6260.44
1680,66.0,82038.88,81.21,3.0,,Islamabad,4.0,110.0,1815.67,7476.44
1681,55.0,64152.16,58.91,14.0,Beauty,Faisalabad,,57.0,1342.55,6172.08
1682,25.0,103272.26,103.52,5.0,Home,Lahore,4.7,51.0,2229.42,6697.21
1683,67.0,54390.89,54.03,12.0,Apparel,Lahore,2.6,367.0,1656.29,6245.87
1684,,,89.53,6.0,Apparel,Lahore,3.5,390.0,1813.27,7001.89
1685,26.0,67143.1,67.15,0.0,Groceries,Karachi,,157.0,1477.93,3954.74
1686,59.0,82507.12,80.0,13.0,Apparel,Lahore,3.5,80.0,2178.67,8411.85
1687,39.0,,54.65,2.0,Electronics,Faisalabad,5.0,167.0,1492.73,4573.25
1688,48.0,63909.71,59.73,4.0,Beauty,Karachi,2.4,54.0,1703.44,5042.65
1689,41.0,62459.02,60.04,12.0,Groceries,Karachi,2.2,219.0,1796.04,6493.74
1690,58.0,46606.74,47.88,13.0,Groceries,Islamabad,3.0,250.0,905.25,4913.85
1691,69.0,79565.79,79.07,13.0,Apparel,Lahore,,394.0,2827.6,9033.15
1692,59.0,,81.15,6.0,Apparel,Islamabad,4.3,127.0,1769.35,6477.81
1693,66.0,78058.2,74.12,11.0,Groceries,Lahore,4.1,79.0,1968.81,6975.34
1694,67.0,,98.33,4.0,Apparel,Karachi,4.8,53.0,1999.26,6688.18
1695,22.0,,95.93,11.0,Electronics,Faisalabad,2.1,150.0,2182.35,9181.9
1696,31.0,,58.66,7.0,Apparel,Islamabad,4.8,240.0,2032.65,6564.58
1697,55.0,73207.15,74.55,0.0,Groceries,Islamabad,3.4,26.0,2018.56,6514.31
1698,48.0,,52.57,6.0,Groceries,Lahore,4.4,303.0,1443.37,3587.61
1699,20.0,65513.82,68.6,7.0,Electronics,Islamabad,,184.0,1547.28,5197.05
1700,22.0,,51.07,3.0,Groceries,Karachi,,317.0,1403.76,4499.61
1701,45.0,,103.31,5.0,Groceries,Karachi,3.9,185.0,2242.35,8900.96
1702,50.0,73001.36,70.91,7.0,Groceries,Lahore,4.7,62.0,1663.94,4371.9
1703,26.0,,58.04,0.0,Electronics,Lahore,2.3,8.0,1339.31,3873.34
1704,26.0,,92.77,2.0,Electronics,Karachi,,222.0,1728.73,6699.77
1705,24.0,17246.46,14.24,11.0,Groceries,Lahore,2.7,215.0,885.83,3409.02
1706,47.0,20689.74,21.84,5.0,Electronics,Islamabad,4.2,325.0,695.48,2525.33
1707,18.0,82508.45,82.71,9.0,Apparel,Islamabad,4.4,350.0,2251.34,8068.83
1708,47.0,66330.31,68.47,8.0,Beauty,Faisalabad,4.9,64.0,1398.95,5508.28
1709,42.0,70509.82,70.39,8.0,Groceries,Lahore,3.2,125.0,2014.25,8193.34
1710,42.0,,35.93,6.0,Beauty,Faisalabad,4.5,83.0,593.86,3101.62
1711,53.0,64488.86,65.51,7.0,Electronics,Lahore,4.9,42.0,1340.75,6108.98
1712,45.0,,107.75,12.0,Electronics,Karachi,2.2,0.0,2449.97,8727.69
1713,55.0,83132.39,81.72,14.0,Apparel,Islamabad,4.3,32.0,1793.83,6823.48
1714,57.0,,69.68,3.0,Home,Lahore,4.6,209.0,1900.94,5709.11
1715,65.0,55340.81,55.28,10.0,Home,Lahore,,60.0,1119.2,3924.13
1716,59.0,56319.4,55.5,14.0,,Lahore,2.6,77.0,1406.82,6567.05
1717,44.0,18157.65,17.99,0.0,,Karachi,4.5,47.0,865.32,2036.17
1718,43.0,70668.09,73.86,11.0,Groceries,Islamabad,,289.0,1625.13,5882.07
1719,30.0,,82.71,7.0,Groceries,Lahore,3.5,254.0,1876.76,6976.83
1720,49.0,30336.37,29.39,14.0,,Lahore,3.7,384.0,761.92,3393.19
1721,25.0,,47.03,8.0,Beauty,Karachi,,44.0,1662.16,6476.29
1722,66.0,39535.78,39.45,12.0,Electronics,Lahore,3.1,83.0,1609.41,5836.21
1723,61.0,43762.27,45.08,2.0,,Islamabad,3.1,182.0,1250.82,4791.95
1724,,66176.6,67.85,2.0,Apparel,Faisalabad,,259.0,1618.54,4693.93
1725,58.0,19143.15,19.36,13.0,Apparel,Islamabad,4.6,52.0,932.3,4977.71
1726,24.0,,80.43,7.0,Apparel,Islamabad,5.0,84.0,1640.53,6080.11
1727,55.0,,83.05,8.0,Home,Karachi,2.3,168.0,1625.71,6675.24
1728,22.0,59475.74,61.7,2.0,Electronics,Islamabad,4.0,7.0,1785.48,5446.41
1729,43.0,15000.0,16.97,3.0,Electronics,Lahore,2.7,158.0,725.92,1084.08
1730,52.0,,46.22,12.0,Apparel,Lahore,4.6,303.0,1064.25,5698.45
1731,55.0,92123.84,91.78,4.0,Groceries,Karachi,2.9,210.0,2018.41,6497.12
1732,39.0,15000.0,12.35,8.0,Electronics,Lahore,3.1,173.0,499.95,3231.49
1733,65.0,57354.48,58.68,4.0,Electronics,Islamabad,3.2,195.0,855.81,3865.27
1734,58.0,39039.98,40.6,3.0,Groceries,Karachi,,378.0,971.86,2651.41
1735,28.0,82700.55,85.84,2.0,Electronics,Faisalabad,4.0,208.0,1567.81,4314.69
1736,52.0,50147.49,52.71,13.0,Electronics,Lahore,4.1,213.0,1141.94,5830.61
1737,55.0,73886.99,77.78,14.0,,Karachi,3.7,372.0,1446.09,6211.5
1738,35.0,77440.13,78.68,1.0,Groceries,Islamabad,,62.0,963.28,4081.74
1739,56.0,,105.85,5.0,Beauty,Lahore,4.4,38.0,2159.37,7059.83
1740,64.0,60535.28,57.77,8.0,Beauty,Karachi,,179.0,1496.67,6365.76
1741,60.0,,73.89,5.0,Electronics,Karachi,4.7,127.0,1315.34,5109.72
1742,57.0,32328.78,31.22,10.0,Apparel,Faisalabad,3.1,81.0,1306.87,5320.84
1743,50.0,91189.1,91.61,3.0,Apparel,Islamabad,2.3,47.0,1917.56,5856.58
1744,32.0,48268.81,48.38,0.0,Apparel,Lahore,3.7,351.0,1196.13,3658.96
1745,59.0,52663.41,53.61,5.0,Electronics,Karachi,4.9,245.0,1180.1,5181.17
1746,36.0,64510.55,64.32,8.0,Electronics,Karachi,3.8,276.0,1295.36,5040.13
1747,45.0,,32.49,2.0,Electronics,Lahore,3.5,47.0,737.98,2876.05
1748,34.0,70032.94,64.59,12.0,Apparel,Karachi,2.9,136.0,1375.59,5976.39
1749,34.0,86284.26,86.66,0.0,Beauty,Lahore,5.0,248.0,1941.46,5816.18
1750,26.0,,73.85,1.0,,Lahore,2.8,211.0,1094.03,4978.25
1751,67.0,30044.25,33.78,7.0,Apparel,Karachi,3.0,277.0,1248.18,5432.28
1752,25.0,62276.2,63.74,7.0,Beauty,Lahore,4.2,267.0,1390.14,5211.64
1753,22.0,81324.64,84.69,4.0,Apparel,Karachi,2.0,165.0,2211.51,7113.58
1754,66.0,,24.02,3.0,Electronics,Lahore,4.8,313.0,144.64,486.95
1755,46.0,41355.15,41.36,1.0,Home,Islamabad,4.3,103.0,596.0,1915.17
1756,40.0,84283.96,85.34,9.0,,Lahore,4.5,32.0,2198.05,7935.48
1757,56.0,70942.1,70.94,5.0,,Islamabad,,365.0,2087.04,7357.51
1758,37.0,74063.37,72.5,1.0,Groceries,Lahore,3.6,9.0,2187.91,6959.79
1759,24.0,105908.89,104.88,5.0,Beauty,Karachi,,113.0,2334.72,6758.48
1760,55.0,75308.16,73.08,14.0,Groceries,Lahore,,45.0,2801.26,10637.82
1761,27.0,79473.54,80.53,3.0,,Lahore,2.8,92.0,1593.6,5157.72
1762,46.0,124636.4,124.66,13.0,Electronics,Karachi,4.1,157.0,3452.24,11037.37
1763,67.0,,59.58,3.0,Electronics,Islamabad,4.4,51.0,949.05,4494.7
1764,66.0,,46.31,2.0,Electronics,Faisalabad,5.0,186.0,1197.01,4937.61
1765,36.0,74411.52,75.42,3.0,Apparel,Lahore,4.0,370.0,671.55,3083.99
1766,58.0,74657.8,76.22,4.0,Home,Lahore,4.5,54.0,1204.52,4924.91
1767,49.0,53412.26,51.15,1.0,Electronics,Islamabad,3.4,370.0,1294.92,4535.38
1768,42.0,42287.27,39.71,8.0,Groceries,Karachi,3.3,164.0,640.77,4341.42
1769,25.0,115816.58,117.73,5.0,Electronics,Lahore,4.1,236.0,2687.11,9208.4
1770,37.0,,69.44,10.0,Electronics,Islamabad,,176.0,2206.39,6675.73
1771,51.0,48889.72,49.98,7.0,Apparel,Karachi,3.9,126.0,1057.27,5789.92
1772,69.0,85150.47,88.38,6.0,Apparel,Karachi,2.7,43.0,1555.43,6492.61
1773,18.0,62598.81,65.84,7.0,Apparel,Lahore,2.9,237.0,1342.3,4624.12
1774,55.0,59436.61,60.91,2.0,Groceries,Karachi,4.3,366.0,882.41,2276.69
1775,62.0,,78.79,10.0,Apparel,Lahore,,208.0,1906.91,7444.83
1776,67.0,36578.59,41.08,1.0,Electronics,Islamabad,2.8,239.0,812.41,2324.2
1777,40.0,72757.8,68.09,10.0,Electronics,Lahore,4.3,257.0,1732.75,6823.45
1778,24.0,,106.16,14.0,Beauty,Islamabad,3.2,155.0,3371.44,12194.18
1779,32.0,75255.91,76.95,11.0,Home,Islamabad,3.7,48.0,1657.36,6092.81
1780,62.0,56723.33,56.05,6.0,Beauty,Islamabad,5.0,202.0,1931.04,5401.95
1781,63.0,53843.68,56.32,4.0,Beauty,Lahore,4.4,347.0,820.38,3498.04
1782,51.0,55972.52,55.89,13.0,Apparel,Lahore,4.4,125.0,1668.56,6254.41
1783,24.0,59412.82,59.68,3.0,Beauty,Karachi,5.0,348.0,1781.5,5614.75
1784,240.0,,56.14,7.0,Groceries,Karachi,3.1,341.0,1866.31,5208.0
1785,42.0,85158.85,84.11,11.0,Electronics,Faisalabad,,97.0,1975.07,7237.52
1786,48.0,26869.4,25.78,13.0,Electronics,Lahore,3.1,230.0,1279.42,5989.21
1787,19.0,83964.0,84.51,13.0,Electronics,Islamabad,,299.0,2367.75,9193.76
1788,53.0,,55.1,1.0,Electronics,Lahore,1.6,197.0,956.96,2478.18
1789,46.0,73292.85,75.2,13.0,Groceries,Lahore,3.5,279.0,2232.24,7328.92
1790,18.0,40206.27,41.51,1.0,Apparel,Lahore,,364.0,1589.12,4537.47
1791,22.0,94229.88,96.43,8.0,Home,Islamabad,4.4,250.0,2393.28,8574.33
1792,41.0,92403.97,90.15,13.0,Apparel,Lahore,4.0,335.0,2594.62,9684.73
1793,55.0,,82.71,9.0,Electronics,Lahore,3.2,320.0,2351.08,7679.08
1794,60.0,,31.67,14.0,Apparel,Islamabad,4.2,325.0,609.12,4177.81
1795,40.0,83240.66,89.04,5.0,Groceries,Karachi,4.4,340.0,2048.9,7906.54
1796,33.0,73906.81,76.44,4.0,Electronics,Lahore,,90.0,1231.43,4581.76
1797,68.0,29684.03,28.58,4.0,Groceries,Lahore,3.3,7.0,517.73,884.65
1798,41.0,64465.46,65.31,5.0,Groceries,Karachi,1.7,61.0,2354.09,7442.44
1799,34.0,73019.76,74.47,10.0,Groceries,Lahore,2.7,99.0,1759.09,8263.09
1800,41.0,77233.66,74.5,6.0,Home,Lahore,,276.0,1488.6,4363.92
1801,18.0,68899.75,71.64,11.0,Home,Karachi,3.8,203.0,2279.03,8060.35
1802,33.0,71407.09,71.07,6.0,,Lahore,2.8,187.0,1289.07,4655.68
1803,44.0,97419.45,97.24,4.0,Electronics,Karachi,,3.0,1929.42,6474.45
1804,65.0,,92.02,2.0,Home,Lahore,2.6,273.0,2419.08,7422.83
1805,56.0,,17.29,8.0,Apparel,Lahore,,145.0,637.11,3854.75
1806,58.0,58016.35,56.51,13.0,,Lahore,4.1,304.0,1055.69,5237.22
1807,46.0,61377.68,57.96,12.0,Apparel,Lahore,,45.0,1925.15,8248.46
1808,23.0,26453.83,27.1,3.0,Groceries,Lahore,3.7,118.0,490.49,1846.64
1809,38.0,,62.98,7.0,,Lahore,2.3,21.0,2237.38,7034.06
1810,69.0,92472.67,91.87,10.0,Electronics,Faisalabad,3.1,113.0,2006.98,6906.83
1811,20.0,41095.51,43.47,9.0,Groceries,Islamabad,3.3,369.0,1602.4,4313.29
1812,63.0,,73.56,1.0,,Lahore,3.3,196.0,2198.3,6590.38
1813,53.0,44851.88,46.94,8.0,Electronics,Karachi,3.8,175.0,876.66,5483.37
1814,32.0,50217.94,51.46,0.0,Electronics,Karachi,5.0,109.0,927.07,3186.44
1815,58.0,97502.66,102.32,1.0,Beauty,Islamabad,4.4,105.0,2145.5,7038.17
1816,61.0,53063.73,51.89,9.0,Groceries,Lahore,2.8,266.0,11066.15528613438,4246.06
1817,20.0,75168.67,75.96,1.0,Groceries,Lahore,,394.0,1651.49,4834.94
1818,23.0,,22.96,5.0,Groceries,Lahore,4.3,298.0,586.7,3242.8
1819,52.0,105970.99,107.88,8.0,Home,Lahore,3.0,294.0,2341.39,9720.14
1820,69.0,78258.35,78.14,9.0,Apparel,Lahore,4.5,188.0,1944.74,8184.79
1821,19.0,60985.0,64.42,6.0,Beauty,Islamabad,3.6,39.0,1488.21,5874.57
1822,52.0,,76.6,1.0,Groceries,Faisalabad,2.4,289.0,1658.79,5101.72
1823,25.0,33983.97,36.8,11.0,Electronics,Lahore,4.1,323.0,880.15,4357.99
1824,51.0,91015.68,92.2,14.0,,Karachi,3.9,204.0,2158.24,7802.95
1825,50.0,57872.33,57.81,13.0,Groceries,Lahore,3.5,36.0,1630.01,5445.21
1826,22.0,,61.6,11.0,Home,Karachi,3.7,285.0,1632.31,5434.44
1827,53.0,54183.58,54.71,6.0,Home,Karachi,3.1,368.0,1148.13,4352.0
1828,64.0,,52.94,13.0,Groceries,Lahore,4.2,89.0,1694.09,6473.89
1829,62.0,80282.75,79.87,7.0,Beauty,Islamabad,,63.0,1159.75,3576.65
1830,19.0,70629.95,69.23,2.0,Apparel,Faisalabad,3.8,295.0,1200.41,3977.47
1831,30.0,,78.67,12.0,Groceries,Karachi,4.0,132.0,1954.8,7225.64
1832,30.0,,61.44,4.0,Groceries,Karachi,2.7,286.0,1113.68,3093.99
1833,,76290.4,77.97,14.0,Electronics,Karachi,2.9,281.0,2737.49,9410.49
1834,25.0,55785.33,53.32,5.0,Home,Lahore,1.7,106.0,1323.25,4359.22
1835,62.0,114054.1,113.62,13.0,,Lahore,4.2,16.0,2871.79,9776.71
1836,58.0,30505.53,31.8,8.0,Groceries,Karachi,2.6,222.0,736.82,4088.44
1837,60.0,,94.42,7.0,Apparel,Lahore,3.8,163.0,2128.5,5776.33
1838,28.0,95093.96,91.54,4.0,Electronics,Islamabad,4.0,342.0,1575.78,3901.75
1839,18.0,46252.51,46.07,12.0,Electronics,Karachi,4.2,143.0,1337.12,5607.95
1840,65.0,114044.02,114.96,0.0,Apparel,Karachi,2.6,99.0,1906.08,5982.54
1841,33.0,86900.79,87.0,7.0,Electronics,Lahore,,344.0,1907.05,7010.01
1842,52.0,86365.06,89.05,5.0,Groceries,Faisalabad,5.0,294.0,903.33,3440.8
1843,65.0,,63.97,8.0,Groceries,Lahore,5.0,247.0,1181.13,4074.65
1844,19.0,60221.02,56.12,3.0,Electronics,Lahore,4.6,381.0,1909.99,5821.33
1845,18.0,,62.01,9.0,Electronics,Lahore,4.0,313.0,1900.02,6350.72
1846,,,72.52,5.0,,Karachi,2.8,346.0,2199.45,8225.4
1847,26.0,95826.1,92.31,2.0,Beauty,Faisalabad,4.3,319.0,2551.61,7377.9
1848,20.0,,68.67,2.0,Electronics,Lahore,3.6,160.0,1728.97,5269.77
1849,60.0,44948.24,47.41,10.0,Beauty,Faisalabad,4.2,24.0,1117.82,6724.37
1850,49.0,83137.4,80.61,3.0,Apparel,Lahore,3.1,242.0,1367.85,4545.19
1851,68.0,85265.32,89.94,4.0,Apparel,Karachi,3.5,305.0,2324.0,7707.58
1852,59.0,79402.51,77.73,9.0,Apparel,Lahore,3.8,396.0,1973.88,7595.77
1853,68.0,81400.98,81.58,4.0,Apparel,Karachi,3.9,272.0,2785.63,8963.21
1854,30.0,59039.58,56.6,5.0,,Karachi,4.1,227.0,1234.75,4658.86
1855,32.0,44562.24,44.65,3.0,Groceries,Karachi,3.2,230.0,1800.4,5551.7
1856,62.0,45899.74,45.63,5.0,Groceries,Lahore,,46.0,1055.28,3927.46
1857,30.0,,26.04,10.0,Groceries,Islamabad,5.0,2.0,1514.82,5116.45
1858,20.0,70212.87,75.86,8.0,Electronics,Faisalabad,5.0,18.0,2402.93,8169.87
1859,52.0,,62.17,14.0,Apparel,Karachi,4.1,361.0,1414.1,7889.81
1860,59.0,55320.27,54.33,11.0,Electronics,Karachi,,316.0,1352.41,6552.77
1861,68.0,15000.0,16.94,0.0,Groceries,Islamabad,3.0,104.0,50.0,518.13
1862,660.0,,41.19,5.0,Electronics,Lahore,4.2,169.0,459.2,2958.25
1863,24.0,,91.91,4.0,Electronics,Islamabad,4.9,193.0,2220.0,6351.24
1864,58.0,50378.23,47.98,8.0,Apparel,Lahore,,98.0,1248.91,4617.65
1865,61.0,72933.02,73.36,3.0,,Islamabad,3.6,169.0,1599.61,5936.64
1866,54.0,,30.64,14.0,Groceries,Lahore,3.9,139.0,1470.59,7310.26
1867,60.0,,98.45,4.0,,Lahore,4.5,277.0,1350.08,4325.02
1868,61.0,61831.39,58.56,7.0,Groceries,Karachi,3.4,302.0,2031.33,6359.77
1869,41.0,,69.77,1.0,Groceries,Karachi,2.3,39.0,1327.98,5928.86
1870,20.0,116167.16,116.16,13.0,,Islamabad,4.3,186.0,3056.3,10829.43
1871,41.0,98361.68,99.25,13.0,Apparel,Faisalabad,4.7,396.0,2735.52,11231.11
1872,28.0,58255.56,57.73,11.0,Groceries,Lahore,3.6,347.0,2153.43,7781.62
1873,23.0,51949.16,54.99,5.0,Groceries,Lahore,4.1,317.0,1197.04,4459.04
1874,24.0,,59.28,0.0,Beauty,Lahore,3.3,293.0,307.31,1102.26
1875,54.0,76217.76,77.51,10.0,Home,Karachi,2.9,1.0,1947.21,7884.25
1876,44.0,62685.07,60.23,6.0,Groceries,Karachi,4.6,389.0,1573.98,6548.02
1877,46.0,56304.63,59.7,14.0,Groceries,Islamabad,4.0,294.0,1272.39,5016.02
1878,56.0,97277.99,95.67,10.0,Electronics,Islamabad,4.1,355.0,2404.56,8202.22
1879,46.0,62487.38,65.96,8.0,Beauty,Lahore,5.0,363.0,1425.34,6120.29
1880,50.0,115590.96,119.64,14.0,Groceries,Karachi,,101.0,2334.72,8989.07
1881,22.0,,68.02,12.0,Groceries,Karachi,3.2,5.0,2088.52,7296.56
1882,62.0,,106.34,6.0,Beauty,Karachi,3.8,263.0,24340.06422597873,8000.53
1883,41.0,,66.7,0.0,Apparel,Lahore,3.2,183.0,1294.67,4848.05
1884,26.0,,85.8,1.0,Electronics,Lahore,,8.0,1578.67,4598.81
1885,60.0,49058.56,51.26,6.0,Electronics,Karachi,,108.0,1715.36,5848.88
1886,56.0,46217.3,48.07,8.0,Electronics,Lahore,2.8,396.0,1227.98,3765.34
1887,20.0,75113.53,72.67,0.0,Apparel,Islamabad,3.8,145.0,1533.91,3869.53
1888,28.0,86748.17,86.16,1.0,Electronics,Lahore,3.9,104.0,1598.71,5113.59
1889,18.0,65885.64,60.81,10.0,Beauty,Karachi,,261.0,1902.86,6941.13
1890,32.0,36699.35,37.53,11.0,Beauty,Karachi,4.1,265.0,1713.71,5527.77
1891,23.0,35074.32,31.31,0.0,Groceries,Islamabad,4.1,132.0,960.63,2179.54
1892,54.0,33603.0,35.86,7.0,Apparel,Lahore,4.0,339.0,1226.81,3601.02
1893,45.0,,28.48,1.0,Groceries,Lahore,3.5,232.0,804.74,2787.02
1894,68.0,67408.68,66.46,10.0,,Lahore,3.1,64.0,1196.08,3590.18
1895,56.0,89750.97,90.79,12.0,Apparel,Karachi,4.0,129.0,1924.57,6699.67
1896,49.0,64704.85,64.27,13.0,Electronics,Lahore,3.4,339.0,1732.1,5436.95
1897,,15270.88,15.75,8.0,,Islamabad,5.0,35.0,335.07,2525.6
1898,20.0,60803.27,58.51,9.0,Groceries,Lahore,4.9,4.0,1150.25,3391.47
1899,21.0,61418.42,62.66,13.0,Electronics,Lahore,4.3,262.0,999.5,5088.32
1900,50.0,111111.97,107.83,9.0,Groceries,Karachi,4.0,176.0,2043.63,8881.81
1901,18.0,32942.97,29.28,6.0,Apparel,Islamabad,3.6,101.0,796.25,4558.8
1902,20.0,56405.09,56.16,11.0,Home,Islamabad,2.6,188.0,1540.33,4620.15
1903,29.0,,102.11,8.0,Apparel,Islamabad,3.5,73.0,2053.35,7597.39
1904,63.0,74899.52,75.44,12.0,Home,Karachi,,149.0,2009.56,6781.72
1905,,77392.89,76.09,7.0,Groceries,Islamabad,3.9,93.0,1654.32,5005.22
1906,54.0,67520.86,71.29,13.0,Home,Karachi,4.1,234.0,2306.65,8301.06
1907,39.0,72258.76,72.58,0.0,Groceries,Lahore,4.5,269.0,1380.52,5156.52
1908,27.0,82107.41,82.57,0.0,Electronics,Karachi,3.1,365.0,1920.68,6102.5
1909,37.0,47191.3,47.59,1.0,Beauty,Islamabad,3.1,27.0,1065.11,2712.58
1910,22.0,84317.29,86.32,8.0,Groceries,Lahore,5.0,130.0,1445.52,6221.0
1911,58.0,34793.93,35.95,10.0,Electronics,Karachi,4.4,105.0,1059.62,2702.02
1912,27.0,72224.1,73.11,3.0,Electronics,Karachi,,231.0,1070.23,3245.46
1913,37.0,68932.3,70.4,2.0,Groceries,Karachi,3.6,213.0,8501.216445968661,3868.71
1914,68.0,51441.55,47.79,12.0,Groceries,Lahore,3.6,350.0,1210.78,5404.02
1915,48.0,,60.93,11.0,Groceries,Karachi,,367.0,1882.8,6839.75
1916,41.0,51304.12,51.15,9.0,Home,Islamabad,4.1,309.0,849.14,3872.71
1917,46.0,,41.03,7.0,Groceries,Lahore,,79.0,1114.33,4110.28
1918,58.0,57220.48,58.38,6.0,Groceries,Lahore,3.9,16.0,1613.38,5523.58
1919,31.0,40712.25,40.75,0.0,Groceries,Lahore,4.3,359.0,1177.28,3782.43
1920,51.0,72101.54,73.27,2.0,Home,Lahore,2.2,377.0,1216.36,4181.38
1921,63.0,39698.12,37.21,13.0,Electronics,Faisalabad,3.3,100.0,1321.06,5422.15
1922,47.0,80663.49,80.64,5.0,Electronics,Karachi,4.8,18.0,1886.93,6595.36
1923,41.0,,36.33,10.0,Groceries,Lahore,4.1,272.0,1799.0,7048.47
1924,25.0,,53.32,10.0,Apparel,Lahore,1.0,235.0,858.3,3726.34
1925,30.0,51258.73,47.5,4.0,Home,Faisalabad,4.3,355.0,820.73,3116.89
1926,67.0,,94.85,3.0,Apparel,Lahore,5.0,230.0,3124.85,10133.18
1927,46.0,72266.38,69.33,10.0,,Islamabad,,304.0,1736.09,5680.68
1928,33.0,60341.86,59.57,1.0,Groceries,Lahore,5.0,314.0,490.44,3423.28
1929,39.0,,77.76,7.0,,Lahore,1.2,3.0,1566.42,4654.44
1930,48.0,18641.77,19.1,13.0,Electronics,Karachi,4.5,59.0,50.0,1985.13
1931,45.0,64051.06,60.76,10.0,Electronics,Lahore,3.7,312.0,1777.39,5823.83
1932,54.0,108945.31,107.6,11.0,Groceries,Karachi,1.6,71.0,2942.82,11846.84
1933,31.0,67911.62,64.91,1.0,Groceries,Lahore,4.1,82.0,10275.867848149168,3010.36
1934,51.0,,63.1,2.0,Groceries,Islamabad,4.7,300.0,1221.59,3618.24
1935,41.0,77058.82,77.29,4.0,Apparel,Islamabad,4.0,81.0,2070.64,6250.59
1936,66.0,,85.82,4.0,Groceries,Islamabad,4.2,59.0,1153.98,4408.47
1937,26.0,21055.73,21.94,2.0,Apparel,Lahore,3.3,5.0,50.0,372.8
1938,25.0,27988.82,29.19,14.0,Apparel,Islamabad,2.0,187.0,1028.53,4844.9
1939,42.0,,69.6,2.0,Groceries,Faisalabad,4.3,254.0,1171.59,1101.87
1940,44.0,49272.72,48.73,10.0,Groceries,Lahore,5.0,292.0,1267.91,5208.23
1941,53.0,93864.56,91.72,8.0,Apparel,Lahore,4.7,362.0,1691.79,6382.37
1942,39.0,,57.19,9.0,Apparel,Islamabad,1.9,260.0,1607.05,6779.14
1943,65.0,22440.32,19.8,3.0,Groceries,Lahore,2.3,302.0,509.11,2994.43
1944,42.0,,35.41,4.0,Groceries,Karachi,2.9,84.0,1121.75,3625.25
1945,24.0,15000.0,15.18,9.0,Apparel,Islamabad,2.3,136.0,740.16,4003.38
1946,24.0,,59.61,4.0,Apparel,Lahore,3.7,121.0,1439.66,3916.39
1947,,60855.55,66.99,10.0,Electronics,Karachi,4.1,26.0,1038.59,5318.9
1948,24.0,55661.82,52.97,0.0,Groceries,Karachi,2.4,387.0,1310.27,3374.31
1949,67.0,88735.34,88.49,1.0,Home,Lahore,4.4,96.0,1682.36,4295.5
1950,32.0,91367.44,88.52,10.0,Electronics,Islamabad,4.2,179.0,2160.71,7666.98
1951,22.0,61251.45,60.48,9.0,Home,Lahore,3.2,142.0,2004.33,8093.72
1952,33.0,18036.74,17.34,0.0,Electronics,Lahore,3.5,17.0,72.96,507.57
1953,,78580.19,80.27,13.0,Groceries,Islamabad,1.9,361.0,2632.08,10513.19
1954,40.0,77217.93,76.32,0.0,Groceries,Lahore,3.4,87.0,2122.15,5478.57
1955,58.0,71806.61,71.42,14.0,Electronics,Islamabad,3.7,40.0,2297.25,9399.47
1956,49.0,86592.55,85.73,10.0,Beauty,Lahore,3.9,136.0,1739.6,6193.2
1957,38.0,39373.78,36.57,14.0,Groceries,Karachi,4.0,57.0,472.96,3856.4
1958,51.0,109192.62,107.89,14.0,Beauty,Lahore,3.9,399.0,3175.39,11303.75
1959,68.0,43892.59,43.13,4.0,Groceries,Karachi,3.5,75.0,1082.41,4274.14
1960,39.0,81482.9,81.63,11.0,Home,Islamabad,,121.0,1771.58,7094.37
1961,25.0,,29.0,3.0,Beauty,Islamabad,4.6,108.0,1146.99,3004.91
1962,39.0,44534.18,44.06,7.0,Apparel,Faisalabad,3.6,10.0,826.06,4264.74
1963,61.0,98360.11,97.86,3.0,Electronics,Karachi,4.0,5.0,1917.54,7612.78
1964,29.0,59260.2,55.82,7.0,Apparel,Islamabad,3.5,205.0,1675.16,5363.46
1965,67.0,83478.3,84.56,13.0,Groceries,Karachi,,93.0,1744.12,5676.9
1966,48.0,70213.02,68.82,6.0,Beauty,Faisalabad,4.2,33.0,1600.47,6002.76
1967,49.0,62690.92,64.19,1.0,,Karachi,3.2,116.0,1729.47,4835.64
1968,34.0,95004.71,97.64,4.0,Groceries,Islamabad,4.0,109.0,2144.54,6806.51
1969,65.0,59793.51,59.42,11.0,Electronics,Lahore,3.7,169.0,2134.84,8029.98
1970,19.0,25823.76,23.78,7.0,Apparel,Karachi,3.4,396.0,1249.92,4067.92
1971,33.0,47328.72,47.3,8.0,Beauty,Islamabad,,122.0,1269.67,4632.38
1972,39.0,77126.22,77.82,6.0,Electronics,Lahore,,281.0,847.83,3710.74
1973,42.0,73701.2,73.07,4.0,Apparel,Lahore,2.2,307.0,1191.72,5492.12
1974,42.0,30524.72,29.4,8.0,Beauty,Faisalabad,4.0,20.0,1235.83,4618.88
1975,25.0,,50.19,9.0,Electronics,Karachi,3.9,200.0,721.19,2655.08
1976,29.0,,53.2,13.0,Electronics,Lahore,4.5,179.0,1433.37,5098.74
1977,22.0,56959.67,56.27,9.0,Apparel,Lahore,3.2,203.0,1634.59,6117.46
1978,47.0,34729.9,31.42,14.0,Apparel,Lahore,5.0,68.0,1842.43,6149.83
1979,36.0,,52.09,12.0,Electronics,Karachi,3.4,186.0,1273.51,4245.69
1980,47.0,,47.44,1.0,Home,Faisalabad,2.9,49.0,762.02,3053.18
1981,48.0,81973.73,82.4,5.0,Groceries,Faisalabad,2.8,378.0,1818.5,6663.59
1982,54.0,82800.67,83.1,5.0,Beauty,Karachi,,234.0,1996.38,6274.45
1983,46.0,61792.17,58.01,0.0,Home,Karachi,5.0,13.0,1174.14,3788.2
1984,51.0,56375.12,56.54,2.0,Home,Lahore,4.9,202.0,1627.21,5082.27
1985,48.0,68078.33,69.11,11.0,Groceries,Islamabad,4.2,370.0,1481.91,6517.49
1986,51.0,47035.35,48.31,5.0,Groceries,Lahore,2.9,297.0,1188.77,4676.08
1987,50.0,39769.69,40.0,2.0,Groceries,Lahore,5.0,109.0,1053.48,1246.77
1988,34.0,44315.13,40.36,4.0,Electronics,Faisalabad,3.4,356.0,886.21,3066.28
1989,30.0,51034.11,53.59,4.0,Apparel,Islamabad,3.5,74.0,1516.57,5316.09
1990,58.0,39403.58,40.23,2.0,Electronics,Lahore,5.0,98.0,927.66,2684.82
1991,35.0,68565.31,66.16,1.0,Groceries,Karachi,4.3,61.0,1726.84,5181.72
1992,46.0,81053.74,79.48,11.0,Electronics,Karachi,5.0,369.0,2138.72,8407.9
1993,28.0,30083.84,30.55,12.0,Groceries,Lahore,3.9,286.0,1232.24,5246.18
1994,40.0,,66.91,7.0,Electronics,Lahore,3.3,207.0,1338.1,6257.11
1995,45.0,,59.19,9.0,Apparel,Lahore,3.1,267.0,1310.92,6130.5
1996,50.0,72513.19,74.16,13.0,Home,Karachi,2.0,103.0,2460.02,8730.33
1997,45.0,,61.13,12.0,Electronics,Karachi,3.4,28.0,2028.51,7359.99
1998,36.0,,30.94,0.0,Home,Karachi,4.7,338.0,251.23,-1321.98
1999,68.0,37227.44,33.1,14.0,Home,Lahore,4.2,385.0,1376.89,5653.3
2000,44.0,,63.85,1.0,Groceries,Faisalabad,3.7,14.0,403.44,732.46
2001,60.0,87633.18,90.65,0.0,Apparel,Karachi,2.8,20.0,1523.09,4861.04
2002,56.0,16287.88,20.4,6.0,Groceries,Islamabad,3.9,223.0,950.17,3560.6
2003,47.0,72605.98,73.08,11.0,Electronics,Lahore,4.6,17.0,1842.06,7537.89
2004,64.0,91171.68,89.89,1.0,Groceries,Karachi,4.1,288.0,1910.6,6955.55
2005,24.0,61633.43,61.19,4.0,Electronics,Islamabad,3.9,378.0,186.12,1660.62
2006,65.0,77104.45,78.05,3.0,Home,Lahore,3.0,111.0,1505.19,6808.35
2007,62.0,49532.48,46.41,5.0,Beauty,Lahore,4.5,117.0,1325.96,4746.19
2008,44.0,62373.94,61.23,14.0,Home,Lahore,1.0,345.0,1993.59,6659.54
2009,56.0,29339.9,32.21,4.0,Apparel,Lahore,4.0,142.0,1131.74,3273.09
2010,,15000.0,12.91,3.0,Apparel,Karachi,5.0,96.0,335.9,1141.55
2011,31.0,85740.85,84.24,1.0,Beauty,Lahore,2.3,33.0,1688.55,5702.49
2012,59.0,43330.11,43.36,2.0,Electronics,Lahore,,335.0,413.76,1009.9
2013,30.0,54978.39,55.54,1.0,Electronics,Karachi,3.7,370.0,1057.76,3105.8
2014,34.0,34498.27,33.25,8.0,Apparel,Lahore,3.3,31.0,505.34,2679.5
2015,45.0,33980.67,34.13,6.0,Groceries,Lahore,4.6,321.0,180.47,1332.49
2016,61.0,61175.57,62.39,7.0,Groceries,Karachi,4.1,63.0,1069.44,4984.49
2017,37.0,48949.3,52.87,12.0,Electronics,Lahore,3.8,55.0,2062.46,7958.7
2018,430.0,73315.36,73.06,8.0,Apparel,Lahore,4.4,152.0,1678.08,7061.61
2019,20.0,74955.85,74.87,2.0,Groceries,Lahore,3.7,174.0,1667.07,4952.41
2020,24.0,72058.69,75.11,5.0,Electronics,Lahore,5.0,341.0,1435.78,6022.06
2021,20.0,70249.22,69.15,4.0,Electronics,Karachi,3.8,279.0,848.76,2333.19
2022,21.0,99710.9,97.06,12.0,Groceries,Lahore,3.9,57.0,2848.66,8808.05
2023,63.0,41512.94,42.01,4.0,Home,Lahore,2.2,233.0,121.38,347.54
2024,61.0,63791.43,65.94,2.0,Groceries,Faisalabad,3.2,350.0,1133.91,3780.06
2025,60.0,,90.64,11.0,Apparel,Faisalabad,4.7,264.0,2216.54,9052.44
2026,20.0,92819.88,92.63,6.0,Home,Lahore,2.5,91.0,2188.59,6817.96
2027,,33721.2,30.82,1.0,Groceries,Lahore,1.8,51.0,423.84,1165.46
2028,32.0,58128.18,58.01,10.0,Home,Karachi,3.7,181.0,827.38,3976.92
2029,47.0,94878.66,97.34,3.0,Apparel,Islamabad,4.9,188.0,1697.14,6099.9
2030,35.0,76177.74,73.71,13.0,Apparel,Islamabad,3.7,141.0,1744.05,6689.8
2031,43.0,69295.79,68.81,12.0,Electronics,Lahore,3.4,43.0,1556.68,5957.92
2032,26.0,60210.94,59.44,5.0,Electronics,Lahore,2.0,47.0,1792.24,4756.39
2033,56.0,56556.38,55.16,8.0,Beauty,Karachi,4.1,211.0,965.69,3722.41
2034,34.0,71340.82,71.84,8.0,Home,Islamabad,4.3,377.0,1867.21,7523.4
2035,21.0,59447.77,60.33,9.0,Beauty,Islamabad,,239.0,18661.910699679167,6047.89
2036,56.0,,64.93,1.0,,Lahore,4.7,175.0,1705.45,4462.37
2037,64.0,66729.17,64.78,4.0,Electronics,Karachi,4.4,372.0,1441.33,5859.53
2038,18.0,50082.43,46.79,2.0,Home,Lahore,4.7,276.0,1398.1,3827.9
2039,40.0,76706.85,77.23,10.0,Groceries,Karachi,4.2,287.0,1865.25,8066.16
2040,61.0,129113.38,128.1,1.0,Home,Faisalabad,4.3,230.0,2796.02,9554.07
2041,54.0,25906.29,29.58,7.0,Electronics,Karachi,4.2,305.0,196.95,1846.25
2042,62.0,72128.28,75.9,10.0,Groceries,Lahore,4.5,200.0,787.25,2990.57
2043,39.0,,52.26,14.0,Home,Karachi,2.1,248.0,1676.54,8605.71
2044,37.0,77702.86,75.82,4.0,Home,Karachi,2.3,246.0,1886.53,6403.17
2045,54.0,66024.26,67.16,0.0,,Islamabad,3.0,301.0,1510.69,4177.86
2046,25.0,,83.5,10.0,Groceries,Lahore,3.6,359.0,1825.24,7645.61
2047,30.0,90861.14,92.38,0.0,Groceries,Islamabad,4.0,117.0,2413.11,7503.23
2048,49.0,,68.52,0.0,Beauty,Lahore,,279.0,1200.71,4742.86
2049,52.0,89905.15,92.46,14.0,Groceries,Lahore,4.7,12.0,2526.45,8785.3
2050,24.0,,15.0,12.0,Groceries,Lahore,4.7,212.0,1017.85,4749.4
2051,44.0,99989.95,100.25,10.0,Apparel,Lahore,2.9,359.0,3087.3,9269.45
2052,36.0,73251.37,70.18,12.0,Groceries,Lahore,3.9,258.0,1818.22,7611.13
2053,44.0,,90.0,1.0,Apparel,Karachi,2.9,107.0,1552.97,4901.19
2054,67.0,,37.64,1.0,Groceries,Lahore,3.5,242.0,204.0,1266.43
2055,,46723.06,47.65,4.0,Home,Lahore,4.0,143.0,1715.41,5238.68
2056,69.0,68210.64,68.68,0.0,Beauty,Lahore,,173.0,1532.78,4313.27
2057,41.0,64625.17,64.99,13.0,Beauty,Lahore,5.0,91.0,1993.73,6885.99
2058,,,71.14,0.0,Apparel,Islamabad,4.2,249.0,2671.23,8022.69
2059,40.0,88859.33,90.43,8.0,Groceries,Faisalabad,3.2,79.0,2227.2,8848.36
2060,34.0,26165.15,25.77,12.0,Apparel,Lahore,,177.0,482.37,2822.24
2061,58.0,86424.02,83.51,11.0,,Islamabad,3.4,375.0,2090.12,8182.37
2062,53.0,65182.2,66.32,3.0,Apparel,Islamabad,3.8,303.0,1033.73,4031.89
2063,25.0,60516.8,58.9,7.0,Apparel,Faisalabad,3.3,165.0,1331.99,4991.62
2064,54.0,32635.46,29.99,8.0,Apparel,Lahore,5.0,387.0,811.67,2334.25
2065,57.0,76067.07,74.02,11.0,Apparel,Lahore,3.6,5.0,1726.53,5685.72
2066,38.0,15000.0,15.57,6.0,Apparel,Karachi,3.8,383.0,50.0,550.21
2067,66.0,79264.67,79.07,4.0,Electronics,Islamabad,4.8,140.0,2382.29,5637.17
2068,51.0,32173.67,27.91,11.0,Groceries,Islamabad,4.2,328.0,1203.01,6105.69
2069,35.0,,65.41,13.0,Apparel,Karachi,3.7,379.0,1753.33,7289.25
2070,18.0,,64.72,7.0,Electronics,Lahore,,240.0,1830.62,6226.36
2071,53.0,90729.84,89.83,0.0,Home,Islamabad,5.0,244.0,2003.02,4162.66
2072,28.0,,60.74,7.0,Apparel,Islamabad,4.0,299.0,1611.67,4230.77
2073,57.0,49728.95,51.81,13.0,Electronics,Lahore,3.8,95.0,1788.58,6916.87
2074,45.0,53854.74,55.45,14.0,Home,Karachi,3.9,71.0,1690.67,8441.61
2075,42.0,93003.42,95.05,6.0,Apparel,Karachi,4.9,137.0,2368.16,7191.52
2076,26.0,76798.53,71.25,2.0,Home,Karachi,3.2,191.0,1917.22,6552.07
2077,54.0,56516.14,59.98,8.0,Groceries,Karachi,3.4,297.0,1515.41,5169.76
2078,26.0,59798.18,61.07,12.0,Home,Islamabad,,102.0,1587.81,6411.7
2079,39.0,30522.1,35.45,14.0,Groceries,Faisalabad,2.6,225.0,1782.6,7833.47
2080,61.0,73546.43,71.98,0.0,Apparel,Karachi,,1.0,1279.77,3658.13
2081,65.0,,22.76,4.0,Electronics,Lahore,3.6,12.0,842.21,2416.28
2082,69.0,81539.52,81.55,7.0,Apparel,Lahore,5.0,386.0,2076.35,8190.73
2083,67.0,67829.68,67.28,1.0,Apparel,Lahore,4.2,340.0,1152.77,3746.67
2084,46.0,117512.94,118.82,13.0,Apparel,Lahore,2.9,345.0,2547.13,10365.92
2085,28.0,40797.02,42.95,1.0,Groceries,Lahore,,131.0,714.4,1795.77
2086,61.0,62741.43,62.57,9.0,Home,Karachi,4.9,205.0,1417.94,6647.6
2087,59.0,104562.33,104.08,13.0,,Lahore,4.7,269.0,2027.99,8284.5
2088,69.0,91210.57,92.26,10.0,Groceries,Lahore,3.7,101.0,1963.61,7668.96
2089,51.0,49683.33,49.17,11.0,Beauty,Islamabad,3.3,297.0,1540.16,6102.54
2090,25.0,69927.28,69.25,3.0,Apparel,Lahore,4.7,277.0,2024.92,5807.19
2091,44.0,65043.99,67.12,12.0,Beauty,Karachi,2.8,162.0,2002.64,7455.69
2092,41.0,71203.03,73.72,6.0,Beauty,Faisalabad,4.1,173.0,624.25,2818.58
2093,61.0,,51.8,0.0,,Karachi,5.0,122.0,1249.1,4386.68
2094,38.0,,62.7,5.0,Home,Lahore,3.9,321.0,1237.44,4311.5
2095,35.0,29842.85,25.56,5.0,Apparel,Lahore,3.0,394.0,978.09,2296.45
2096,22.0,,67.68,7.0,Electronics,Karachi,4.1,399.0,1633.8,4470.69
2097,61.0,74900.45,73.38,3.0,Groceries,Karachi,3.3,308.0,1540.93,3669.95
2098,57.0,59996.77,59.74,6.0,Home,Lahore,2.4,139.0,1399.04,5491.94
2099,20.0,29468.88,28.13,6.0,Groceries,Karachi,4.3,312.0,820.41,2324.51
2100,40.0,,86.71,4.0,Home,Karachi,4.7,97.0,2432.72,7789.35
2101,42.0,,70.94,10.0,Electronics,Lahore,3.4,358.0,1852.53,6970.78
2102,42.0,49027.67,46.47,4.0,Groceries,Karachi,3.4,106.0,1574.77,4975.43
2103,65.0,,61.27,11.0,Groceries,Lahore,2.8,161.0,1992.5,7570.24
2104,25.0,31985.27,30.05,3.0,Groceries,Lahore,3.6,37.0,1026.52,3462.8
2105,33.0,42440.98,42.44,12.0,Electronics,Islamabad,3.2,32.0,614.17,1592.05
2106,27.0,,55.08,5.0,,Lahore,2.8,157.0,1710.02,5297.83
2107,30.0,,93.85,0.0,Home,Karachi,5.0,220.0,1657.34,5403.69
2108,65.0,50930.93,52.52,2.0,Groceries,Karachi,4.1,6.0,1384.91,5583.81
2109,66.0,,79.69,12.0,Electronics,Lahore,4.2,338.0,1672.68,8121.71
2110,20.0,53157.04,54.61,13.0,Electronics,Faisalabad,4.5,45.0,1109.11,4163.82
2111,50.0,70454.85,73.2,3.0,Groceries,Lahore,4.4,399.0,2319.65,6673.89
2112,30.0,61889.3,62.74,9.0,Electronics,Lahore,3.3,108.0,1214.99,3753.48
2113,28.0,84207.25,80.53,8.0,Apparel,Faisalabad,3.9,151.0,2462.59,9414.46
2114,33.0,53234.15,52.18,2.0,Home,Islamabad,3.5,63.0,1192.05,4622.75
2115,28.0,,31.8,6.0,Electronics,Karachi,4.1,329.0,680.04,3184.61
2116,43.0,34597.12,33.34,10.0,Apparel,Lahore,4.0,292.0,1074.01,4663.87
2117,69.0,53298.7,56.54,14.0,Electronics,Lahore,3.4,31.0,1105.54,6501.34
2118,48.0,37520.68,37.39,12.0,Groceries,Karachi,2.5,42.0,1224.91,6206.54
2119,55.0,74024.66,74.2,1.0,Home,Lahore,3.8,243.0,1087.4,4535.18
2120,43.0,54753.1,57.0,3.0,Groceries,Lahore,3.5,346.0,1056.88,4005.07
2121,18.0,117241.34,116.88,6.0,Home,Islamabad,,43.0,2954.95,9180.41
2122,22.0,,27.12,2.0,,Lahore,4.2,88.0,717.08,2974.1
2123,31.0,69479.93,71.28,8.0,,Lahore,4.6,218.0,1116.73,5339.46
2124,30.0,40185.03,37.24,0.0,Groceries,Lahore,,43.0,1144.3,3110.09
2125,61.0,54145.17,53.57,1.0,Groceries,Karachi,3.3,121.0,1120.06,3210.6
2126,61.0,,69.77,0.0,Beauty,Karachi,,4.0,1145.35,4451.14
2127,62.0,15000.0,15.13,4.0,,Islamabad,2.7,199.0,758.67,3977.97
2128,51.0,,73.14,11.0,,Lahore,3.9,286.0,1777.32,6195.89
2129,46.0,106863.96,103.71,2.0,Home,Lahore,3.9,164.0,1751.01,5535.46
2130,51.0,55024.36,51.64,14.0,Apparel,Karachi,3.0,102.0,2399.61,8930.02
2131,39.0,70715.77,72.26,4.0,Groceries,Lahore,3.5,169.0,1567.4,5614.94
2132,52.0,87548.28,89.28,0.0,Groceries,Karachi,1.9,203.0,1718.41,4753.61
2133,59.0,61393.02,61.01,5.0,Groceries,Faisalabad,4.5,66.0,1265.82,6035.3
2134,57.0,52218.88,53.02,11.0,Home,Karachi,3.0,44.0,1956.36,7400.77
2135,49.0,15000.0,16.49,1.0,Groceries,Karachi,3.7,72.0,130.05,1050.23
2136,21.0,,77.47,1.0,Beauty,Faisalabad,2.4,394.0,1004.04,4858.23
2137,55.0,62510.29,61.1,12.0,,Lahore,3.2,289.0,1458.73,5712.68
2138,,42720.96,43.1,8.0,Groceries,Faisalabad,3.4,50.0,1705.13,5819.29
2139,56.0,67785.13,69.59,5.0,Apparel,Karachi,3.7,120.0,1888.56,5146.59
2140,46.0,52159.03,49.83,11.0,Groceries,Karachi,4.1,164.0,1381.17,5486.63
2141,63.0,53374.63,52.98,12.0,,Faisalabad,5.0,72.0,2096.79,6384.58
2142,35.0,,77.85,5.0,Electronics,Karachi,4.4,340.0,2065.95,7296.54
2143,66.0,35555.59,36.39,8.0,Beauty,Karachi,,376.0,924.48,4202.75
2144,61.0,88040.94,88.02,0.0,Home,Lahore,5.0,97.0,1694.45,4894.88
2145,35.0,,33.16,4.0,Home,Karachi,4.2,6.0,976.75,3304.05
2146,43.0,,52.92,8.0,Groceries,Karachi,3.7,106.0,995.66,4802.53
2147,45.0,107304.82,106.23,2.0,Home,Lahore,4.6,233.0,2227.9,6034.16
2148,57.0,89801.8,89.22,14.0,Groceries,Islamabad,4.7,323.0,2479.44,9359.95
2149,53.0,67147.29,63.96,14.0,Home,Karachi,4.3,135.0,1228.16,6401.48
2150,62.0,,42.88,3.0,Electronics,Lahore,2.4,109.0,9223.760886329248,1793.36
2151,37.0,53356.01,54.39,5.0,Groceries,Lahore,2.9,99.0,1145.9,4696.26
2152,44.0,66612.06,67.25,2.0,Groceries,Karachi,3.5,1.0,1823.47,4185.55
2153,40.0,65825.51,67.02,7.0,Groceries,Lahore,4.4,5.0,858.71,3760.95
2154,65.0,63000.84,64.1,1.0,Groceries,Lahore,3.7,171.0,1147.41,2717.82
2155,33.0,64321.68,68.5,5.0,Home,Karachi,4.7,247.0,1293.73,5772.54
2156,48.0,60283.75,58.79,8.0,Groceries,Lahore,,5.0,1909.7,5651.39
2157,24.0,33276.47,30.04,9.0,Apparel,Lahore,4.8,80.0,1008.11,2882.89
2158,62.0,53636.76,51.54,8.0,Electronics,Karachi,4.8,363.0,2111.17,7120.97
2159,37.0,85121.73,83.71,3.0,Home,Lahore,,396.0,2087.32,6188.55
2160,35.0,34896.65,32.95,11.0,Home,Faisalabad,4.1,256.0,973.84,3229.88
2161,48.0,,61.02,10.0,Groceries,Faisalabad,3.2,208.0,1712.46,6810.1
2162,43.0,46965.41,49.47,11.0,Apparel,Karachi,2.2,233.0,1237.68,3620.65
2163,62.0,,70.53,7.0,Beauty,Faisalabad,3.4,148.0,1972.75,5827.38
2164,45.0,,57.46,13.0,Home,Islamabad,4.9,80.0,1116.12,4844.63
2165,44.0,97502.66,101.79,5.0,Groceries,Lahore,,150.0,1820.57,6918.23
2166,23.0,,75.43,12.0,Groceries,Islamabad,5.0,279.0,2185.17,9060.75
2167,19.0,,32.88,3.0,Home,Lahore,3.9,265.0,1333.11,5026.4
2168,38.0,79767.02,81.87,3.0,Groceries,Karachi,,270.0,834.55,3211.43
2169,69.0,,44.28,7.0,Home,Karachi,3.9,243.0,1788.94,4060.08
2170,65.0,52306.08,50.8,8.0,Groceries,Lahore,3.7,24.0,1310.07,5310.92
2171,50.0,,72.94,11.0,,Lahore,2.5,250.0,1124.53,6356.82
2172,50.0,54181.56,53.98,4.0,Electronics,Faisalabad,4.7,352.0,50.0,2253.85
2173,38.0,,84.26,13.0,Electronics,Lahore,3.2,259.0,1601.1,7169.54
2174,27.0,47960.78,45.6,4.0,Beauty,Lahore,3.1,231.0,1111.33,2906.33
2175,18.0,51383.18,51.36,8.0,Home,Lahore,,89.0,1321.3,4596.84
2176,35.0,,52.57,13.0,Home,Karachi,4.7,316.0,1784.48,8463.85
2177,34.0,52555.95,52.6,8.0,Beauty,Islamabad,4.7,180.0,1151.32,3470.48
2178,27.0,89182.21,87.52,10.0,Groceries,Islamabad,,105.0,1740.43,5824.62
2179,31.0,78833.52,76.34,13.0,Groceries,Karachi,,195.0,1931.44,8320.98
2180,19.0,102618.77,101.0,14.0,Electronics,Lahore,3.6,48.0,2625.82,9345.81
2181,49.0,114888.17,115.67,7.0,Groceries,Lahore,4.4,370.0,2670.07,7928.65
2182,66.0,,43.01,6.0,Electronics,Karachi,5.0,280.0,770.82,4472.67
2183,53.0,66549.22,64.95,2.0,Beauty,Islamabad,4.0,130.0,1771.56,5763.24
2184,41.0,,34.7,8.0,Electronics,Islamabad,5.0,317.0,853.91,3420.57
2185,39.0,47892.67,48.73,13.0,Electronics,Karachi,4.5,21.0,1129.97,4337.23
2186,33.0,51138.18,49.34,7.0,Electronics,Karachi,3.5,154.0,1085.81,5913.83
2187,25.0,,43.12,5.0,,Karachi,4.4,260.0,1464.79,4809.84
2188,49.0,,40.35,1.0,Electronics,Karachi,5.0,9.0,824.05,3746.57
2189,47.0,61825.74,59.85,5.0,Apparel,Karachi,,283.0,1158.71,4979.94
2190,18.0,38232.19,38.54,3.0,Groceries,Karachi,4.8,327.0,1255.09,3553.33
2191,39.0,83526.79,88.24,14.0,Apparel,Karachi,3.7,237.0,3087.64,10244.02
2192,32.0,44809.42,46.31,7.0,Home,Faisalabad,3.5,82.0,1260.06,5805.3
2193,26.0,,127.08,2.0,Apparel,Karachi,4.2,299.0,3109.75,10512.49
2194,54.0,,55.79,1.0,Apparel,Lahore,5.0,135.0,1555.82,3088.71
2195,45.0,66584.39,63.08,12.0,Groceries,Lahore,4.1,294.0,1569.43,6829.24
2196,50.0,,34.26,13.0,Electronics,Karachi,4.1,251.0,1260.7,5369.8
2197,55.0,102534.02,97.51,11.0,Groceries,Karachi,3.7,37.0,1977.66,6792.83
2198,69.0,89629.01,93.09,1.0,Beauty,Karachi,3.4,39.0,1750.6,5632.19
2199,59.0,71532.15,74.59,1.0,Apparel,Islamabad,3.6,6.0,1220.17,2836.07
2200,50.0,35370.34,36.16,2.0,Groceries,Lahore,,28.0,626.25,1846.16
